"rollout_order","individual_rank","rank","school","unitid","city","state","region","overall_score","score_lower_bound","score_upper_bound","weighted_completeness_pct","data_completeness_pct","confidence_score","status","enrollment_score","demographics_score","greek_score","creators_score","programs_score","customers_score","cost_score","geography_score","performance_score","undergraduates","non_distance_undergraduates","on_campus_residents","age_18_24_pct","women_pct","out_of_state_freshmen_pct","age_18_19_pct","age_20_21_pct","age_22_24_pct","age_25_plus_pct","age_unknown_pct","in_state_freshmen_pct","international_pct","hispanic_pct","black_pct","asian_pct","greek_pct","greek_chapters","greek_members","verified_creators_per_1000","creator_program_present","relevant_awards_pct","relevant_awards","relevant_clubs","customers_per_1000","lodging_proxy_usd","labor_hourly_usd","venue_day_usd","permit_days","travel_quote_usd","meals_proxy_usd","airport_km","metro_presence","nearby_campuses","cac_usd","conversion_pct","roi_pct","engagement_pct","samples","leads","revenue_usd","ambassador_conversions","event_attendance","strongest_reasons","important_gaps","scope_note","source_ids","rollout_priority","rollout_reason"
"1","4","4","Pennsylvania State University-Main Campus","214777","University Park","PA","Mid East","81.11","54.5","87.3","67.2","55.81","63.88","provisional — incomplete evidence","93.77","97.35","51.9","100","59.13","","84","81.6","","42223","42016","14500","97.34741728441844","47.11413210809275","","39.710584278710655","46.858347346233096","10.778485659474693","1.7715463136205385","","","9.873765483267414","9.10877957511309","4.6751770362124905","7.095658764180659","17","68","6800","","1","24.757192596664833","2702","","","132","","","","","74","6.00167052269325","1","1","","","","","","","","","","Undergraduates taking non-distance courses: 42016 students (derived_difference); Undergraduates age 18–24: 97.35 percent (derived_ratio); Undergraduate enrollment: 42223 students (reported)","Verified active creators per 1,000 undergraduates; Verified relevant student organizations; Active customers per 1,000 undergraduates; Local activation labor hourly rate; Verified venue day cost; Published permitting lead time; Verified travel cost per trip; Campaign customer acquisition cost; Campaign conversion rate; Campaign contribution ROI; Qualified engagement rate","IPEDS reporting institution; non-distance enrollment is a physical-addressability proxy, not a count of campus residents.","EF2023A; EF2023A_DIST; review-9d5969dca67f; EF2023B; review-15c7129ae87a; review-091eac730a78; review-9125e4da57a5; C2024_A; gsa; HD2024; airports","58.5","Evidence-supported score floor 54.5; observed opportunity 81.11. Adds Mid East regional coverage. No selected nearby trip partner yet"
"2","1","1","Indiana University-Bloomington","151351","Bloomington","IN","Great Lakes","84.5","52.56","90.36","62.2","58.14","62.67","provisional — incomplete evidence","86.58","96.96","59.82","100","85.75","","84","62.22","","36833","36633","","96.95924849998643","49.79502076941873","40.575916230366495","47.951565172535496","42.36146933456411","6.646213992886813","1.2733146906306845","","53.87434554973822","4.973800667879347","8.405505932180382","4.156598702250699","9.912306898704966","24","70","8000","","1","41.66212534059945","3058","","","132","","","","","74","64.45245992577372","1","2","","","","","","","","","","Relevant bachelor awards share: 41.66 percent (derived_ratio); Undergraduates taking non-distance courses: 36633 students (derived_difference); Undergraduates age 18–24: 96.96 percent (derived_ratio)","On-campus resident students; Verified active creators per 1,000 undergraduates; Verified relevant student organizations; Active customers per 1,000 undergraduates; Local activation labor hourly rate; Verified venue day cost; Published permitting lead time; Verified travel cost per trip; Campaign customer acquisition cost; Campaign conversion rate; Campaign contribution ROI; Qualified engagement rate","IPEDS reporting institution; non-distance enrollment is a physical-addressability proxy, not a count of campus residents.","EF2023A; EF2023A_DIST; EF2023B; EF2023C; review-aa8f25dd62b7; primary-46; review-87c1af0c2e15; C2024_A; gsa; HD2024; airports","56.56","Evidence-supported score floor 52.56; observed opportunity 84.5. Adds Great Lakes regional coverage. No selected nearby trip partner yet"
"3","6","6","University of South Carolina-Columbia","218663","Columbia","SC","Southeast","79.9","49.7","87.5","62.2","58.14","64.41","provisional — incomplete evidence","74.86","95.69","59.68","100","78.24","","92.5","79.6","","28470","27761","","95.69371268001404","57.77660695468914","44.82852848749829","47.748507200561995","40.291534949069195","7.653670530382859","2.8275377590446085","","54.21505670173521","2.072356866877415","5.904460835967686","9.286968739023534","4.425711275026344","30","53","10000","","1","37.3698354047699","2225","","","115","","","","","74","11.000090646617219","1","1","","","","","","","","","","Relevant bachelor awards share: 37.37 percent (derived_ratio); Undergraduates age 18–24: 95.69 percent (derived_ratio); Undergraduates taking non-distance courses: 27761 students (derived_difference)","On-campus resident students; Verified active creators per 1,000 undergraduates; Verified relevant student organizations; Active customers per 1,000 undergraduates; Local activation labor hourly rate; Verified venue day cost; Published permitting lead time; Verified travel cost per trip; Campaign customer acquisition cost; Campaign conversion rate; Campaign contribution ROI; Qualified engagement rate","IPEDS reporting institution; non-distance enrollment is a physical-addressability proxy, not a count of campus residents.","EF2023A; EF2023A_DIST; EF2023B; EF2023C; review-0d27ccdb7052; primary-21; review-462ac2cf66fa; C2024_A; gsa; HD2024; airports","53.7","Evidence-supported score floor 49.7; observed opportunity 79.9. Adds Southeast regional coverage. No selected nearby trip partner yet"
"4","8","8","The University of Texas at Austin","228778","Austin","TX","Southwest","78.67","48.93","86.73","62.2","58.14","63.09","provisional — incomplete evidence","92.73","97.04","47.96","100","57.93","","58","83.21","","42444","42201","","97.0408067100179","57.89039675808124","8.811933937133723","44.31957402695316","44.38318725850532","8.33804542455942","1.8518518518518519","","87.5759190197123","4.502403166525304","28.185373668834227","4.6602582225991895","25.247384789369523","16","60","7200","","1","24.098110326398167","2525","","","184","","","","","80","11.983653289678502","1","2","","","","","","","","","","Undergraduates taking non-distance courses: 42201 students (derived_difference); Undergraduates age 18–24: 97.04 percent (derived_ratio); Undergraduate enrollment: 42444 students (reported)","On-campus resident students; Verified active creators per 1,000 undergraduates; Verified relevant student organizations; Active customers per 1,000 undergraduates; Local activation labor hourly rate; Verified venue day cost; Published permitting lead time; Verified travel cost per trip; Campaign customer acquisition cost; Campaign conversion rate; Campaign contribution ROI; Qualified engagement rate","IPEDS reporting institution; non-distance enrollment is a physical-addressability proxy, not a count of campus residents.","EF2023A; EF2023A_DIST; EF2023B; EF2023C; primary-11; primary-10; review-3d81986beddb; C2024_A; gsa; HD2024; airports","52.93","Evidence-supported score floor 48.93; observed opportunity 78.67. Adds Southwest regional coverage. No selected nearby trip partner yet"
"5","7","7","Michigan State University","171100","East Lansing","MI","Great Lakes","79.49","49.44","87.24","62.2","58.14","64.57","provisional — incomplete evidence","90.51","95.81","41.94","100","64.15","","93.5","79.89","","40483","40007","","95.81305733270756","51.36477039745078","17.80132172453582","45.09547217350493","40.76772966430354","9.949855494899094","1.8303979448163428","","75.79985314171824","5.673986611664155","6.232245633969814","6.503964627127436","8.000889262159426","11.9","56","4874","","1","28.137490007993605","2464","","","113","","","","","68","10.278342305374347","1","1","","","","","","","","","","Undergraduates taking non-distance courses: 40007 students (derived_difference); Undergraduates age 18–24: 95.81 percent (derived_ratio); Relevant bachelor awards share: 28.14 percent (derived_ratio)","On-campus resident students; Verified active creators per 1,000 undergraduates; Verified relevant student organizations; Active customers per 1,000 undergraduates; Local activation labor hourly rate; Verified venue day cost; Published permitting lead time; Verified travel cost per trip; Campaign customer acquisition cost; Campaign conversion rate; Campaign contribution ROI; Qualified engagement rate","IPEDS reporting institution; non-distance enrollment is a physical-addressability proxy, not a count of campus residents.","EF2023A; EF2023A_DIST; EF2023B; EF2023C; review-7c18273636fc; review-699a57f456f7; C2024_A; gsa; HD2024; airports","49.44","Evidence-supported score floor 49.44; observed opportunity 79.49. Great Lakes coverage retained. No selected nearby trip partner yet"
"6","2","2","Ohio State University-Main Campus","204796","Columbus","OH","Great Lakes","83.92","49.26","90.56","58.7","55.81","63.34","provisional — incomplete evidence","95.17","91.73","75","100","64.18","","81","88.06","","45728","44160","","91.72935619314205","50.43080825752274","26.1721657157033","35.81831700489853","43.19235479356193","12.718684394681596","5.611441567529741","0.00437368789363191","65.18233688910941","7.081000699790063","5.642057382785165","7.97979356193142","9.9916899930021","","60","","","1","27.710843373493976","3220","","","138","","","","","80","9.851261525160227","1","3","","","","","","","","","","Undergraduates taking non-distance courses: 44160 students (derived_difference); Undergraduates age 18–24: 91.73 percent (derived_ratio); Relevant bachelor awards share: 27.71 percent (derived_ratio)","On-campus resident students; Greek-life undergraduate participation; Greek community membership; Verified active creators per 1,000 undergraduates; Verified relevant student organizations; Active customers per 1,000 undergraduates; Local activation labor hourly rate; Verified venue day cost; Published permitting lead time; Verified travel cost per trip; Campaign customer acquisition cost; Campaign conversion rate; Campaign contribution ROI; Qualified engagement rate","IPEDS reporting institution; non-distance enrollment is a physical-addressability proxy, not a count of campus residents.","EF2023A; EF2023A_DIST; EF2023B; EF2023C; primary-8; review-72f419d12d50; C2024_A; gsa; HD2024; airports","49.26","Evidence-supported score floor 49.26; observed opportunity 83.92. Great Lakes coverage retained. No selected nearby trip partner yet"
"7","11","11","University of Colorado Boulder","126614","Boulder","CO","Rocky Mountains","76.98","45.18","86.48","58.7","53.49","63.34","provisional — incomplete evidence","79.81","93.33","37.5","100","65.36","","75.5","73.12","","32105","30996","","93.33437159320978","46.67808752530758","44.89795918367347","42.744120853449616","38.71982557234076","11.870425167419405","5.54742251985672","","53.432282003710576","2.741006073820277","13.51191403208223","1.8906712350101231","6.213985360535742","","30","","","1","29.312678598285455","1949","","","149","","","","","80","17.18999461248318","1","0","","","","","","","","","","Undergraduates taking non-distance courses: 30996 students (derived_difference); Undergraduates age 18–24: 93.33 percent (derived_ratio); Relevant bachelor awards share: 29.31 percent (derived_ratio)","On-campus resident students; Greek-life undergraduate participation; Greek community membership; Verified active creators per 1,000 undergraduates; Verified relevant student organizations; Active customers per 1,000 undergraduates; Local activation labor hourly rate; Verified venue day cost; Published permitting lead time; Verified travel cost per trip; Campaign customer acquisition cost; Campaign conversion rate; Campaign contribution ROI; Qualified engagement rate","IPEDS reporting institution; non-distance enrollment is a physical-addressability proxy, not a count of campus residents.","EF2023A; EF2023A_DIST; EF2023B; EF2023C; primary-16; primary-44; C2024_A; gsa; HD2024; airports","49.18","Evidence-supported score floor 45.18; observed opportunity 76.98. Adds Rocky Mountains regional coverage. No selected nearby trip partner yet"
"8","13","13","Florida State University","134097","Tallahassee","FL","Southeast","75.57","48.51","84.31","64.2","60.47","64.04","provisional — incomplete evidence","79.53","96.23","51.15","100","61.51","","89.33","81.06","","32217","30622","","96.22559518266753","56.61296830865692","15.554423501443368","35.956172207219794","47.93742434118633","12.331998634261415","3.147406648663749","","83.34182373917473","2.113790855759382","22.956824036999098","7.409131824812987","3.768196914672378","23","50","6800","","1","29.053905390539054","2641","7","","121.33333333333333","","","","","80","7.35119018772262","1","1","","","","","","","","","","Undergraduates taking non-distance courses: 30622 students (derived_difference); Undergraduates age 18–24: 96.23 percent (derived_ratio); Relevant bachelor awards share: 29.05 percent (derived_ratio)","On-campus resident students; Verified active creators per 1,000 undergraduates; Active customers per 1,000 undergraduates; Local activation labor hourly rate; Verified venue day cost; Published permitting lead time; Verified travel cost per trip; Campaign customer acquisition cost; Campaign conversion rate; Campaign contribution ROI; Qualified engagement rate","IPEDS reporting institution; non-distance enrollment is a physical-addressability proxy, not a count of campus residents.","EF2023A; EF2023A_DIST; EF2023B; EF2023C; primary-2; review-f0927a28ccb4; C2024_A; gsa; HD2024; airports","48.51","Evidence-supported score floor 48.51; observed opportunity 75.57. Southeast coverage retained. No selected nearby trip partner yet"
"9","5","5","The University of Alabama","100751","Tuscaloosa","AL","Southeast","80.53","48.48","88.28","60.2","53.49","63.87","provisional — incomplete evidence","79.63","90.31","66.67","100","83.74","","93.5","46.59","","33435","30054","","90.3065649768207","56.372065201136536","63.67918830776664","42.934051144010766","37.6551517870495","9.717362045760431","6.014655301330941","","35.70479526512864","0.924181247196052","6.882009869896815","11.242709735307313","1.4894571556751908","40","","","","1","40.590461771385314","2681","","","113","","","","","68","83.51653995221086","1","0","","","","","","","","","","Relevant bachelor awards share: 40.59 percent (derived_ratio); Undergraduates taking non-distance courses: 30054 students (derived_difference); Undergraduates age 18–24: 90.31 percent (derived_ratio)","On-campus resident students; Recognized FSL organizations; Greek community membership; Verified active creators per 1,000 undergraduates; Verified relevant student organizations; Active customers per 1,000 undergraduates; Local activation labor hourly rate; Verified venue day cost; Published permitting lead time; Verified travel cost per trip; Campaign customer acquisition cost; Campaign conversion rate; Campaign contribution ROI; Qualified engagement rate","IPEDS reporting institution; non-distance enrollment is a physical-addressability proxy, not a count of campus residents.","EF2023A; EF2023A_DIST; EF2023B; EF2023C; primary-1; primary-42; C2024_A; gsa; HD2024; airports","48.48","Evidence-supported score floor 48.48; observed opportunity 80.53. Southeast coverage retained. No selected nearby trip partner yet"
"10","3","3","University of Georgia","139959","Athens","GA","Southeast","81.83","48.44","89.24","59.2","55.81","63.72","provisional — incomplete evidence","79.86","97.49","89.17","100","81.02","","73","49.56","","31514","31409","","97.49317763533668","57.82826680205623","17.133094695737064","37.256457447483655","46.26197880307165","13.974741384781368","1.8214127054642382","","82.47640741945982","1.2343720251316874","7.618836072856508","5.968775782192042","12.686425080916418","","69","9867","","1","38.549710424710426","3195","","","154","","","","","74","86.09986571953917","1","1","","","","","","","","","","Relevant bachelor awards share: 38.55 percent (derived_ratio); Undergraduates taking non-distance courses: 31409 students (derived_difference); Undergraduates age 18–24: 97.49 percent (derived_ratio)","On-campus resident students; Greek-life undergraduate participation; Verified active creators per 1,000 undergraduates; Verified relevant student organizations; Active customers per 1,000 undergraduates; Local activation labor hourly rate; Verified venue day cost; Published permitting lead time; Verified travel cost per trip; Campaign customer acquisition cost; Campaign conversion rate; Campaign contribution ROI; Qualified engagement rate","IPEDS reporting institution; non-distance enrollment is a physical-addressability proxy, not a count of campus residents.","EF2023A; EF2023A_DIST; EF2023B; EF2023C; primary-3; primary-4; primary-43; C2024_A; gsa; HD2024; airports","48.44","Evidence-supported score floor 48.44; observed opportunity 81.83. Southeast coverage retained. No selected nearby trip partner yet"
"11","9","9","San Diego State University","122409","San Diego","CA","Far West","77.98","43.82","87.62","56.2","53.49","64.41","provisional — incomplete evidence","81.91","86.93","59.89","","72.66","","42.58","79.19","","34050","32339","","86.928046989721","56.478707782672544","23.336579032781565","34.23788546255506","34.49045521292217","18.19970631424376","11.794419970631424","","74.6024018175917","2.563876651982379","35.944199706314244","3.6387665198237884","13.248164464023494","","40","4500","","","33.35268842178609","2872","","","214.83333333333334","","","","","86","12.033943640501437","1","1","","","","","","","","","","Undergraduates taking non-distance courses: 32339 students (derived_difference); Relevant bachelor awards share: 33.35 percent (derived_ratio); Undergraduates age 18–24: 86.93 percent (derived_ratio)","On-campus resident students; Greek-life undergraduate participation; Verified active creators per 1,000 undergraduates; Documented student content program; Verified relevant student organizations; Active customers per 1,000 undergraduates; Local activation labor hourly rate; Verified venue day cost; Published permitting lead time; Verified travel cost per trip; Campaign customer acquisition cost; Campaign conversion rate; Campaign contribution ROI; Qualified engagement rate","IPEDS reporting institution; non-distance enrollment is a physical-addressability proxy, not a count of campus residents.","EF2023A; EF2023A_DIST; EF2023B; EF2023C; review-20a248ae9cfa; C2024_A; gsa; HD2024; airports","47.82","Evidence-supported score floor 43.82; observed opportunity 77.98. Adds Far West regional coverage. No selected nearby trip partner yet"
"12","16","16","University of Wisconsin-Madison","240444","Madison","WI","Great Lakes","74.38","47.75","83.55","64.2","58.14","63.93","provisional — incomplete evidence","85.23","95.6","46.57","","53.91","","86.21","76.41","","36797","36212","9000","95.60018479767372","52.9744272630921","44.010547463586136","42.014294643585075","43.60681577302498","9.979074381063674","3.4214745767317987","","47.50125565042692","10.609560562002336","8.226214093540234","2.6632605918960786","10.35954017990597","15","60","5000","","","22.058289998790663","1824","","","127.58333333333333","","","","","80","8.980662741799687","1","0","","","","","","","","","","Undergraduates taking non-distance courses: 36212 students (derived_difference); Undergraduates age 18–24: 95.6 percent (derived_ratio); Undergraduate enrollment: 36797 students (reported)","Verified active creators per 1,000 undergraduates; Documented student content program; Verified relevant student organizations; Active customers per 1,000 undergraduates; Local activation labor hourly rate; Verified venue day cost; Published permitting lead time; Verified travel cost per trip; Campaign customer acquisition cost; Campaign conversion rate; Campaign contribution ROI; Qualified engagement rate","IPEDS reporting institution; non-distance enrollment is a physical-addressability proxy, not a count of campus residents.","EF2023A; EF2023A_DIST; review-2ce9eda415b1; EF2023B; EF2023C; review-c3d591e293a1; primary-5; C2024_A; gsa; HD2024; airports","47.75","Evidence-supported score floor 47.75; observed opportunity 74.38. Great Lakes coverage retained. No selected nearby trip partner yet"
"13","14","14","University of Florida","134130","Gainesville","FL","Southeast","75.47","46.94","84.74","62.2","58.14","65.77","provisional — incomplete evidence","83.35","96.95","53.87","100","54.11","","93.5","80.47","","34924","33583","","96.95338449203986","55.61218646203184","15.424430641821946","34.5092200206162","46.601191157942964","15.842973313480702","2.76600618485855","","79.0150842945874","2.5455274309930136","24.118084984537855","5.050967815828656","11.785591570266865","21","62","8400","","1","21.97394895689929","2075","","","113","","","","","68","8.821094468533081","1","1","","","","","","","","","","Undergraduates taking non-distance courses: 33583 students (derived_difference); Undergraduates age 18–24: 96.95 percent (derived_ratio); Undergraduate enrollment: 34924 students (reported)","On-campus resident students; Verified active creators per 1,000 undergraduates; Verified relevant student organizations; Active customers per 1,000 undergraduates; Local activation labor hourly rate; Verified venue day cost; Published permitting lead time; Verified travel cost per trip; Campaign customer acquisition cost; Campaign conversion rate; Campaign contribution ROI; Qualified engagement rate","IPEDS reporting institution; non-distance enrollment is a physical-addressability proxy, not a count of campus residents.","EF2023A; EF2023A_DIST; EF2023B; EF2023C; review-5d67a1998a9f; review-3bf088a0125d; review-c288875cf2bd; C2024_A; gsa; HD2024; airports","46.94","Evidence-supported score floor 46.94; observed opportunity 75.47. Southeast coverage retained. No selected nearby trip partner yet"
"14","23","23","Clemson University","217882","Clemson","SC","Southeast","71.3","44.35","82.15","62.2","58.14","64.15","provisional — incomplete evidence","65.82","97.13","56.03","100","62.07","","93.5","67.52","","22875","22694","","97.12786885245902","52.992349726775956","48.21984868713841","38.662295081967216","45.85355191256831","12.612021857923498","2.378142076502732","","50.801068090787716","0.839344262295082","8.690710382513661","5.451366120218579","2.837158469945355","27.9","50","6704","","1","27.567949170490646","1562","","","113","","","","","68","61.19837288717852","1","3","","","","","","","","","","Undergraduates age 18–24: 97.13 percent (derived_ratio); Undergraduates taking non-distance courses: 22694 students (derived_difference); Relevant bachelor awards share: 27.57 percent (derived_ratio)","On-campus resident students; Verified active creators per 1,000 undergraduates; Verified relevant student organizations; Active customers per 1,000 undergraduates; Local activation labor hourly rate; Verified venue day cost; Published permitting lead time; Verified travel cost per trip; Campaign customer acquisition cost; Campaign conversion rate; Campaign contribution ROI; Qualified engagement rate","IPEDS reporting institution; non-distance enrollment is a physical-addressability proxy, not a count of campus residents.","EF2023A; EF2023A_DIST; EF2023B; EF2023C; review-ab00ca7f94e8; review-893c61b65978; C2024_A; gsa; HD2024; airports","46.35","Evidence-supported score floor 44.35; observed opportunity 71.3. Southeast coverage retained. Within 200 km great-circle of University of South Carolina-Columbia, University of Georgia"
"15","19","19","Miami University-Oxford","204024","Oxford","OH","Great Lakes","72.68","44.12","83.42","60.7","55.81","64.53","provisional — incomplete evidence","51.65","97.69","64.61","100","78.73","","84.5","71.46","","16478","16390","","97.69389489015657","51.50503701905571","35.78867157734315","44.216531132418986","45.272484524820975","8.204879232916616","1.1591212525791965","","63.14452628905258","3.7019055710644495","4.521179754824614","2.919043573249181","2.5913338997451145","36","","5804","","1","38.37725019566919","1471","","","131","","","","","74","51.340843586457645","1","3","","","","","","","","","","Relevant bachelor awards share: 38.38 percent (derived_ratio); Undergraduates age 18–24: 97.69 percent (derived_ratio); Undergraduates taking non-distance courses: 16390 students (derived_difference)","On-campus resident students; Recognized FSL organizations; Verified active creators per 1,000 undergraduates; Verified relevant student organizations; Active customers per 1,000 undergraduates; Local activation labor hourly rate; Verified venue day cost; Published permitting lead time; Verified travel cost per trip; Campaign customer acquisition cost; Campaign conversion rate; Campaign contribution ROI; Qualified engagement rate","IPEDS reporting institution; non-distance enrollment is a physical-addressability proxy, not a count of campus residents.","EF2023A; EF2023A_DIST; EF2023B; EF2023C; primary-14; review-e1bec07e7cbb; C2024_A; gsa; HD2024; airports","46.12","Evidence-supported score floor 44.12; observed opportunity 72.68. Great Lakes coverage retained. Within 200 km great-circle of Indiana University-Bloomington, Ohio State University-Main Campus"
"16","33","33","University of Michigan-Ann Arbor","170976","Ann Arbor","MI","Great Lakes","67.43","43.29","79.09","64.2","55.81","65.28","provisional — incomplete evidence","82.89","95.6","49.38","100","35.83","","80","71.13","","33730","33712","","95.59739104654611","53.009190631485325","","43.29380373554699","44.87696412689001","7.4266231841091015","1.6276311888526533","","","8.304180254965905","9.982211680996146","4.524162466646902","18.544322561517937","18.33","58","6221","","1","13.121743249644718","1108","3","","140","","","","","80","32.17565164012786","1","1","","","","","","","","","","Undergraduates taking non-distance courses: 33712 students (derived_difference); Undergraduates age 18–24: 95.6 percent (derived_ratio); Undergraduate enrollment: 33730 students (reported)","On-campus resident students; Verified active creators per 1,000 undergraduates; Active customers per 1,000 undergraduates; Local activation labor hourly rate; Verified venue day cost; Published permitting lead time; Verified travel cost per trip; Campaign customer acquisition cost; Campaign conversion rate; Campaign contribution ROI; Qualified engagement rate","IPEDS reporting institution; non-distance enrollment is a physical-addressability proxy, not a count of campus residents.","EF2023A; EF2023A_DIST; EF2023B; primary-19; review-34c33924bd78; C2024_A; gsa; HD2024; airports","45.29","Evidence-supported score floor 43.29; observed opportunity 67.43. Great Lakes coverage retained. Within 200 km great-circle of Michigan State University"
"17","29","29","University of Iowa","153658","Iowa City","IA","Plains","69.11","40.91","81.71","59.2","55.81","64.22","provisional — incomplete evidence","63.57","94.05","39.78","","68.09","","93.5","68.53","","22130","21306","","94.04880253050158","56.1455038409399","46.09004739336493","43.75508359692725","39.521012200632626","10.772706732941709","5.029371893357434","","52.468404423380726","1.5815634884771803","9.091730682331676","2.9100768187980117","4.667871667419792","16","40","3800","","","31.422293248102278","1573","","","113","","","","","68","28.682447511177067","1","0","","","","","","","","","","Undergraduates age 18–24: 94.05 percent (derived_ratio); Relevant bachelor awards share: 31.42 percent (derived_ratio); Undergraduates taking non-distance courses: 21306 students (derived_difference)","On-campus resident students; Verified active creators per 1,000 undergraduates; Documented student content program; Verified relevant student organizations; Active customers per 1,000 undergraduates; Local activation labor hourly rate; Verified venue day cost; Published permitting lead time; Verified travel cost per trip; Campaign customer acquisition cost; Campaign conversion rate; Campaign contribution ROI; Qualified engagement rate","IPEDS reporting institution; non-distance enrollment is a physical-addressability proxy, not a count of campus residents.","EF2023A; EF2023A_DIST; EF2023B; EF2023C; primary-20; C2024_A; gsa; HD2024; airports","44.91","Evidence-supported score floor 40.91; observed opportunity 69.11. Adds Plains regional coverage. No selected nearby trip partner yet"
"18","31","31","Baylor University","223232","Waco","TX","Southwest","69.06","42.61","80.91","61.7","55.81","64.05","provisional — incomplete evidence","47.57","96.18","46.11","100","72.97","","93.5","82.96","","15155","14831","","96.17947871989442","59.663477400197955","36.961109436237564","40.897393599472124","47.06697459584296","8.215110524579346","2.0653249752556913","","60.23515224600543","3.1474760805014848","16.364236225668098","5.008248102936324","8.677004289013526","28","36","","","1","34.889368591473286","1293","","","113","","","","","68","12.603052824838151","1","2","","","","","","","","","","Relevant bachelor awards share: 34.89 percent (derived_ratio); Undergraduates age 18–24: 96.18 percent (derived_ratio); Undergraduates taking non-distance courses: 14831 students (derived_difference)","On-campus resident students; Greek community membership; Verified active creators per 1,000 undergraduates; Verified relevant student organizations; Active customers per 1,000 undergraduates; Local activation labor hourly rate; Verified venue day cost; Published permitting lead time; Verified travel cost per trip; Campaign customer acquisition cost; Campaign conversion rate; Campaign contribution ROI; Qualified engagement rate","IPEDS reporting institution; non-distance enrollment is a physical-addressability proxy, not a count of campus residents.","EF2023A; EF2023A_DIST; EF2023B; EF2023C; review-b0b0274e893b; primary-35; review-8fa950184759; C2024_A; gsa; HD2024; airports","44.61","Evidence-supported score floor 42.61; observed opportunity 69.06. Southwest coverage retained. Within 200 km great-circle of The University of Texas at Austin"
"19","12","12","Texas State University","228459","San Marcos","TX","Southwest","75.76","42.2","86.5","55.7","51.16","64.74","provisional — incomplete evidence","82.22","90.82","55","","63.34","","93.5","66.52","","34547","32418","","90.82409471155238","60.02547254464932","2.068095838587642","39.9137407010739","33.189567835123164","17.720786175355315","8.411728948968072","","96.55737704918033","0.8162792717167916","42.197585897473004","9.416157698208238","2.6977740469505314","","44","","","","28.033168460867035","1927","","","113","","","","","68","43.6983308563573","1","1","","","","","","","","","","Undergraduates taking non-distance courses: 32418 students (derived_difference); Undergraduates age 18–24: 90.82 percent (derived_ratio); Relevant bachelor awards share: 28.03 percent (derived_ratio)","On-campus resident students; Greek-life undergraduate participation; Greek community membership; Verified active creators per 1,000 undergraduates; Documented student content program; Verified relevant student organizations; Active customers per 1,000 undergraduates; Local activation labor hourly rate; Verified venue day cost; Published permitting lead time; Verified travel cost per trip; Campaign customer acquisition cost; Campaign conversion rate; Campaign contribution ROI; Qualified engagement rate","IPEDS reporting institution; non-distance enrollment is a physical-addressability proxy, not a count of campus residents.","EF2023A; EF2023A_DIST; EF2023B; EF2023C; primary-29; C2024_A; gsa; HD2024; airports","44.2","Evidence-supported score floor 42.2; observed opportunity 75.76. Southwest coverage retained. Within 200 km great-circle of The University of Texas at Austin"
"20","10","10","Texas Tech University","229115","Lubbock","TX","Southwest","77.88","43.77","87.57","56.2","53.49","64.41","provisional — incomplete evidence","79.36","92.4","69.44","","68.59","","93.5","75.95","","32635","30191","","92.40079669066952","49.676727439865175","7.257617728531856","40.10111843113222","37.16868392829784","15.130994331239467","6.508349931055615","","91.16343490304709","1.7833614217864255","29.62463612685767","6.094683621878351","3.30320208365252","","50","4800","","","31.166830088247654","2225","","","113","","","","","68","10.120541157599483","1","0","","","","","","","","","","Undergraduates taking non-distance courses: 30191 students (derived_difference); Undergraduates age 18–24: 92.4 percent (derived_ratio); Relevant bachelor awards share: 31.17 percent (derived_ratio)","On-campus resident students; Greek-life undergraduate participation; Verified active creators per 1,000 undergraduates; Documented student content program; Verified relevant student organizations; Active customers per 1,000 undergraduates; Local activation labor hourly rate; Verified venue day cost; Published permitting lead time; Verified travel cost per trip; Campaign customer acquisition cost; Campaign conversion rate; Campaign contribution ROI; Qualified engagement rate","IPEDS reporting institution; non-distance enrollment is a physical-addressability proxy, not a count of campus residents.","EF2023A; EF2023A_DIST; EF2023B; EF2023C; review-d73ea7f3241b; C2024_A; gsa; HD2024; airports","43.77","Evidence-supported score floor 43.77; observed opportunity 77.88. Southwest coverage retained. No selected nearby trip partner yet"
