"rank","school","unitid","city","state","region","overall_score","score_lower_bound","score_upper_bound","weighted_completeness_pct","data_completeness_pct","confidence_score","status","enrollment_score","demographics_score","greek_score","creators_score","programs_score","customers_score","cost_score","geography_score","performance_score","undergraduates","non_distance_undergraduates","on_campus_residents","age_18_24_pct","women_pct","out_of_state_freshmen_pct","age_18_19_pct","age_20_21_pct","age_22_24_pct","age_25_plus_pct","age_unknown_pct","in_state_freshmen_pct","international_pct","hispanic_pct","black_pct","asian_pct","greek_pct","greek_chapters","greek_members","verified_creators_per_1000","creator_program_present","relevant_awards_pct","relevant_awards","relevant_clubs","customers_per_1000","lodging_proxy_usd","labor_hourly_usd","venue_day_usd","permit_days","travel_quote_usd","meals_proxy_usd","airport_km","metro_presence","nearby_campuses","cac_usd","conversion_pct","roi_pct","engagement_pct","samples","leads","revenue_usd","ambassador_conversions","event_attendance","strongest_reasons","important_gaps","scope_note","source_ids"
"1","Indiana University-Bloomington","151351","Bloomington","IN","Great Lakes","84.5","52.56","90.36","62.2","58.14","62.67","provisional — incomplete evidence","86.58","96.96","59.82","100","85.75","","84","62.22","","36833","36633","","96.95924849998643","49.79502076941873","40.575916230366495","47.951565172535496","42.36146933456411","6.646213992886813","1.2733146906306845","","53.87434554973822","4.973800667879347","8.405505932180382","4.156598702250699","9.912306898704966","24","70","8000","","1","41.66212534059945","3058","","","132","","","","","74","64.45245992577372","1","2","","","","","","","","","","Relevant bachelor awards share: 41.66 percent (derived_ratio); Undergraduates taking non-distance courses: 36633 students (derived_difference); Undergraduates age 18–24: 96.96 percent (derived_ratio)","On-campus resident students; Verified active creators per 1,000 undergraduates; Verified relevant student organizations; Active customers per 1,000 undergraduates; Local activation labor hourly rate; Verified venue day cost; Published permitting lead time; Verified travel cost per trip; Campaign customer acquisition cost; Campaign conversion rate; Campaign contribution ROI; Qualified engagement rate","IPEDS reporting institution; non-distance enrollment is a physical-addressability proxy, not a count of campus residents.","EF2023A; EF2023A_DIST; EF2023B; EF2023C; review-aa8f25dd62b7; primary-46; review-87c1af0c2e15; C2024_A; gsa; HD2024; airports"
"2","Ohio State University-Main Campus","204796","Columbus","OH","Great Lakes","83.92","49.26","90.56","58.7","55.81","63.34","provisional — incomplete evidence","95.17","91.73","75","100","64.18","","81","88.06","","45728","44160","","91.72935619314205","50.43080825752274","26.1721657157033","35.81831700489853","43.19235479356193","12.718684394681596","5.611441567529741","0.00437368789363191","65.18233688910941","7.081000699790063","5.642057382785165","7.97979356193142","9.9916899930021","","60","","","1","27.710843373493976","3220","","","138","","","","","80","9.851261525160227","1","3","","","","","","","","","","Undergraduates taking non-distance courses: 44160 students (derived_difference); Undergraduates age 18–24: 91.73 percent (derived_ratio); Relevant bachelor awards share: 27.71 percent (derived_ratio)","On-campus resident students; Greek-life undergraduate participation; Greek community membership; Verified active creators per 1,000 undergraduates; Verified relevant student organizations; Active customers per 1,000 undergraduates; Local activation labor hourly rate; Verified venue day cost; Published permitting lead time; Verified travel cost per trip; Campaign customer acquisition cost; Campaign conversion rate; Campaign contribution ROI; Qualified engagement rate","IPEDS reporting institution; non-distance enrollment is a physical-addressability proxy, not a count of campus residents.","EF2023A; EF2023A_DIST; EF2023B; EF2023C; primary-8; review-72f419d12d50; C2024_A; gsa; HD2024; airports"
"3","University of Georgia","139959","Athens","GA","Southeast","81.83","48.44","89.24","59.2","55.81","63.72","provisional — incomplete evidence","79.86","97.49","89.17","100","81.02","","73","49.56","","31514","31409","","97.49317763533668","57.82826680205623","17.133094695737064","37.256457447483655","46.26197880307165","13.974741384781368","1.8214127054642382","","82.47640741945982","1.2343720251316874","7.618836072856508","5.968775782192042","12.686425080916418","","69","9867","","1","38.549710424710426","3195","","","154","","","","","74","86.09986571953917","1","1","","","","","","","","","","Relevant bachelor awards share: 38.55 percent (derived_ratio); Undergraduates taking non-distance courses: 31409 students (derived_difference); Undergraduates age 18–24: 97.49 percent (derived_ratio)","On-campus resident students; Greek-life undergraduate participation; Verified active creators per 1,000 undergraduates; Verified relevant student organizations; Active customers per 1,000 undergraduates; Local activation labor hourly rate; Verified venue day cost; Published permitting lead time; Verified travel cost per trip; Campaign customer acquisition cost; Campaign conversion rate; Campaign contribution ROI; Qualified engagement rate","IPEDS reporting institution; non-distance enrollment is a physical-addressability proxy, not a count of campus residents.","EF2023A; EF2023A_DIST; EF2023B; EF2023C; primary-3; primary-4; primary-43; C2024_A; gsa; HD2024; airports"
"4","Pennsylvania State University-Main Campus","214777","University Park","PA","Mid East","81.11","54.5","87.3","67.2","55.81","63.88","provisional — incomplete evidence","93.77","97.35","51.9","100","59.13","","84","81.6","","42223","42016","14500","97.34741728441844","47.11413210809275","","39.710584278710655","46.858347346233096","10.778485659474693","1.7715463136205385","","","9.873765483267414","9.10877957511309","4.6751770362124905","7.095658764180659","17","68","6800","","1","24.757192596664833","2702","","","132","","","","","74","6.00167052269325","1","1","","","","","","","","","","Undergraduates taking non-distance courses: 42016 students (derived_difference); Undergraduates age 18–24: 97.35 percent (derived_ratio); Undergraduate enrollment: 42223 students (reported)","Verified active creators per 1,000 undergraduates; Verified relevant student organizations; Active customers per 1,000 undergraduates; Local activation labor hourly rate; Verified venue day cost; Published permitting lead time; Verified travel cost per trip; Campaign customer acquisition cost; Campaign conversion rate; Campaign contribution ROI; Qualified engagement rate","IPEDS reporting institution; non-distance enrollment is a physical-addressability proxy, not a count of campus residents.","EF2023A; EF2023A_DIST; review-9d5969dca67f; EF2023B; review-15c7129ae87a; review-091eac730a78; review-9125e4da57a5; C2024_A; gsa; HD2024; airports"
"5","The University of Alabama","100751","Tuscaloosa","AL","Southeast","80.53","48.48","88.28","60.2","53.49","63.87","provisional — incomplete evidence","79.63","90.31","66.67","100","83.74","","93.5","46.59","","33435","30054","","90.3065649768207","56.372065201136536","63.67918830776664","42.934051144010766","37.6551517870495","9.717362045760431","6.014655301330941","","35.70479526512864","0.924181247196052","6.882009869896815","11.242709735307313","1.4894571556751908","40","","","","1","40.590461771385314","2681","","","113","","","","","68","83.51653995221086","1","0","","","","","","","","","","Relevant bachelor awards share: 40.59 percent (derived_ratio); Undergraduates taking non-distance courses: 30054 students (derived_difference); Undergraduates age 18–24: 90.31 percent (derived_ratio)","On-campus resident students; Recognized FSL organizations; Greek community membership; Verified active creators per 1,000 undergraduates; Verified relevant student organizations; Active customers per 1,000 undergraduates; Local activation labor hourly rate; Verified venue day cost; Published permitting lead time; Verified travel cost per trip; Campaign customer acquisition cost; Campaign conversion rate; Campaign contribution ROI; Qualified engagement rate","IPEDS reporting institution; non-distance enrollment is a physical-addressability proxy, not a count of campus residents.","EF2023A; EF2023A_DIST; EF2023B; EF2023C; primary-1; primary-42; C2024_A; gsa; HD2024; airports"
"6","University of South Carolina-Columbia","218663","Columbia","SC","Southeast","79.9","49.7","87.5","62.2","58.14","64.41","provisional — incomplete evidence","74.86","95.69","59.68","100","78.24","","92.5","79.6","","28470","27761","","95.69371268001404","57.77660695468914","44.82852848749829","47.748507200561995","40.291534949069195","7.653670530382859","2.8275377590446085","","54.21505670173521","2.072356866877415","5.904460835967686","9.286968739023534","4.425711275026344","30","53","10000","","1","37.3698354047699","2225","","","115","","","","","74","11.000090646617219","1","1","","","","","","","","","","Relevant bachelor awards share: 37.37 percent (derived_ratio); Undergraduates age 18–24: 95.69 percent (derived_ratio); Undergraduates taking non-distance courses: 27761 students (derived_difference)","On-campus resident students; Verified active creators per 1,000 undergraduates; Verified relevant student organizations; Active customers per 1,000 undergraduates; Local activation labor hourly rate; Verified venue day cost; Published permitting lead time; Verified travel cost per trip; Campaign customer acquisition cost; Campaign conversion rate; Campaign contribution ROI; Qualified engagement rate","IPEDS reporting institution; non-distance enrollment is a physical-addressability proxy, not a count of campus residents.","EF2023A; EF2023A_DIST; EF2023B; EF2023C; review-0d27ccdb7052; primary-21; review-462ac2cf66fa; C2024_A; gsa; HD2024; airports"
"7","Michigan State University","171100","East Lansing","MI","Great Lakes","79.49","49.44","87.24","62.2","58.14","64.57","provisional — incomplete evidence","90.51","95.81","41.94","100","64.15","","93.5","79.89","","40483","40007","","95.81305733270756","51.36477039745078","17.80132172453582","45.09547217350493","40.76772966430354","9.949855494899094","1.8303979448163428","","75.79985314171824","5.673986611664155","6.232245633969814","6.503964627127436","8.000889262159426","11.9","56","4874","","1","28.137490007993605","2464","","","113","","","","","68","10.278342305374347","1","1","","","","","","","","","","Undergraduates taking non-distance courses: 40007 students (derived_difference); Undergraduates age 18–24: 95.81 percent (derived_ratio); Relevant bachelor awards share: 28.14 percent (derived_ratio)","On-campus resident students; Verified active creators per 1,000 undergraduates; Verified relevant student organizations; Active customers per 1,000 undergraduates; Local activation labor hourly rate; Verified venue day cost; Published permitting lead time; Verified travel cost per trip; Campaign customer acquisition cost; Campaign conversion rate; Campaign contribution ROI; Qualified engagement rate","IPEDS reporting institution; non-distance enrollment is a physical-addressability proxy, not a count of campus residents.","EF2023A; EF2023A_DIST; EF2023B; EF2023C; review-7c18273636fc; review-699a57f456f7; C2024_A; gsa; HD2024; airports"
"8","The University of Texas at Austin","228778","Austin","TX","Southwest","78.67","48.93","86.73","62.2","58.14","63.09","provisional — incomplete evidence","92.73","97.04","47.96","100","57.93","","58","83.21","","42444","42201","","97.0408067100179","57.89039675808124","8.811933937133723","44.31957402695316","44.38318725850532","8.33804542455942","1.8518518518518519","","87.5759190197123","4.502403166525304","28.185373668834227","4.6602582225991895","25.247384789369523","16","60","7200","","1","24.098110326398167","2525","","","184","","","","","80","11.983653289678502","1","2","","","","","","","","","","Undergraduates taking non-distance courses: 42201 students (derived_difference); Undergraduates age 18–24: 97.04 percent (derived_ratio); Undergraduate enrollment: 42444 students (reported)","On-campus resident students; Verified active creators per 1,000 undergraduates; Verified relevant student organizations; Active customers per 1,000 undergraduates; Local activation labor hourly rate; Verified venue day cost; Published permitting lead time; Verified travel cost per trip; Campaign customer acquisition cost; Campaign conversion rate; Campaign contribution ROI; Qualified engagement rate","IPEDS reporting institution; non-distance enrollment is a physical-addressability proxy, not a count of campus residents.","EF2023A; EF2023A_DIST; EF2023B; EF2023C; primary-11; primary-10; review-3d81986beddb; C2024_A; gsa; HD2024; airports"
"9","San Diego State University","122409","San Diego","CA","Far West","77.98","43.82","87.62","56.2","53.49","64.41","provisional — incomplete evidence","81.91","86.93","59.89","","72.66","","42.58","79.19","","34050","32339","","86.928046989721","56.478707782672544","23.336579032781565","34.23788546255506","34.49045521292217","18.19970631424376","11.794419970631424","","74.6024018175917","2.563876651982379","35.944199706314244","3.6387665198237884","13.248164464023494","","40","4500","","","33.35268842178609","2872","","","214.83333333333334","","","","","86","12.033943640501437","1","1","","","","","","","","","","Undergraduates taking non-distance courses: 32339 students (derived_difference); Relevant bachelor awards share: 33.35 percent (derived_ratio); Undergraduates age 18–24: 86.93 percent (derived_ratio)","On-campus resident students; Greek-life undergraduate participation; Verified active creators per 1,000 undergraduates; Documented student content program; Verified relevant student organizations; Active customers per 1,000 undergraduates; Local activation labor hourly rate; Verified venue day cost; Published permitting lead time; Verified travel cost per trip; Campaign customer acquisition cost; Campaign conversion rate; Campaign contribution ROI; Qualified engagement rate","IPEDS reporting institution; non-distance enrollment is a physical-addressability proxy, not a count of campus residents.","EF2023A; EF2023A_DIST; EF2023B; EF2023C; review-20a248ae9cfa; C2024_A; gsa; HD2024; airports"
"10","Texas Tech University","229115","Lubbock","TX","Southwest","77.88","43.77","87.57","56.2","53.49","64.41","provisional — incomplete evidence","79.36","92.4","69.44","","68.59","","93.5","75.95","","32635","30191","","92.40079669066952","49.676727439865175","7.257617728531856","40.10111843113222","37.16868392829784","15.130994331239467","6.508349931055615","","91.16343490304709","1.7833614217864255","29.62463612685767","6.094683621878351","3.30320208365252","","50","4800","","","31.166830088247654","2225","","","113","","","","","68","10.120541157599483","1","0","","","","","","","","","","Undergraduates taking non-distance courses: 30191 students (derived_difference); Undergraduates age 18–24: 92.4 percent (derived_ratio); Relevant bachelor awards share: 31.17 percent (derived_ratio)","On-campus resident students; Greek-life undergraduate participation; Verified active creators per 1,000 undergraduates; Documented student content program; Verified relevant student organizations; Active customers per 1,000 undergraduates; Local activation labor hourly rate; Verified venue day cost; Published permitting lead time; Verified travel cost per trip; Campaign customer acquisition cost; Campaign conversion rate; Campaign contribution ROI; Qualified engagement rate","IPEDS reporting institution; non-distance enrollment is a physical-addressability proxy, not a count of campus residents.","EF2023A; EF2023A_DIST; EF2023B; EF2023C; review-d73ea7f3241b; C2024_A; gsa; HD2024; airports"
"11","University of Colorado Boulder","126614","Boulder","CO","Rocky Mountains","76.98","45.18","86.48","58.7","53.49","63.34","provisional — incomplete evidence","79.81","93.33","37.5","100","65.36","","75.5","73.12","","32105","30996","","93.33437159320978","46.67808752530758","44.89795918367347","42.744120853449616","38.71982557234076","11.870425167419405","5.54742251985672","","53.432282003710576","2.741006073820277","13.51191403208223","1.8906712350101231","6.213985360535742","","30","","","1","29.312678598285455","1949","","","149","","","","","80","17.18999461248318","1","0","","","","","","","","","","Undergraduates taking non-distance courses: 30996 students (derived_difference); Undergraduates age 18–24: 93.33 percent (derived_ratio); Relevant bachelor awards share: 29.31 percent (derived_ratio)","On-campus resident students; Greek-life undergraduate participation; Greek community membership; Verified active creators per 1,000 undergraduates; Verified relevant student organizations; Active customers per 1,000 undergraduates; Local activation labor hourly rate; Verified venue day cost; Published permitting lead time; Verified travel cost per trip; Campaign customer acquisition cost; Campaign conversion rate; Campaign contribution ROI; Qualified engagement rate","IPEDS reporting institution; non-distance enrollment is a physical-addressability proxy, not a count of campus residents.","EF2023A; EF2023A_DIST; EF2023B; EF2023C; primary-16; primary-44; C2024_A; gsa; HD2024; airports"
"12","Texas State University","228459","San Marcos","TX","Southwest","75.76","42.2","86.5","55.7","51.16","64.74","provisional — incomplete evidence","82.22","90.82","55","","63.34","","93.5","66.52","","34547","32418","","90.82409471155238","60.02547254464932","2.068095838587642","39.9137407010739","33.189567835123164","17.720786175355315","8.411728948968072","","96.55737704918033","0.8162792717167916","42.197585897473004","9.416157698208238","2.6977740469505314","","44","","","","28.033168460867035","1927","","","113","","","","","68","43.6983308563573","1","1","","","","","","","","","","Undergraduates taking non-distance courses: 32418 students (derived_difference); Undergraduates age 18–24: 90.82 percent (derived_ratio); Relevant bachelor awards share: 28.03 percent (derived_ratio)","On-campus resident students; Greek-life undergraduate participation; Greek community membership; Verified active creators per 1,000 undergraduates; Documented student content program; Verified relevant student organizations; Active customers per 1,000 undergraduates; Local activation labor hourly rate; Verified venue day cost; Published permitting lead time; Verified travel cost per trip; Campaign customer acquisition cost; Campaign conversion rate; Campaign contribution ROI; Qualified engagement rate","IPEDS reporting institution; non-distance enrollment is a physical-addressability proxy, not a count of campus residents.","EF2023A; EF2023A_DIST; EF2023B; EF2023C; primary-29; C2024_A; gsa; HD2024; airports"
"13","Florida State University","134097","Tallahassee","FL","Southeast","75.57","48.51","84.31","64.2","60.47","64.04","provisional — incomplete evidence","79.53","96.23","51.15","100","61.51","","89.33","81.06","","32217","30622","","96.22559518266753","56.61296830865692","15.554423501443368","35.956172207219794","47.93742434118633","12.331998634261415","3.147406648663749","","83.34182373917473","2.113790855759382","22.956824036999098","7.409131824812987","3.768196914672378","23","50","6800","","1","29.053905390539054","2641","7","","121.33333333333333","","","","","80","7.35119018772262","1","1","","","","","","","","","","Undergraduates taking non-distance courses: 30622 students (derived_difference); Undergraduates age 18–24: 96.23 percent (derived_ratio); Relevant bachelor awards share: 29.05 percent (derived_ratio)","On-campus resident students; Verified active creators per 1,000 undergraduates; Active customers per 1,000 undergraduates; Local activation labor hourly rate; Verified venue day cost; Published permitting lead time; Verified travel cost per trip; Campaign customer acquisition cost; Campaign conversion rate; Campaign contribution ROI; Qualified engagement rate","IPEDS reporting institution; non-distance enrollment is a physical-addressability proxy, not a count of campus residents.","EF2023A; EF2023A_DIST; EF2023B; EF2023C; primary-2; review-f0927a28ccb4; C2024_A; gsa; HD2024; airports"
"14","University of Florida","134130","Gainesville","FL","Southeast","75.47","46.94","84.74","62.2","58.14","65.77","provisional — incomplete evidence","83.35","96.95","53.87","100","54.11","","93.5","80.47","","34924","33583","","96.95338449203986","55.61218646203184","15.424430641821946","34.5092200206162","46.601191157942964","15.842973313480702","2.76600618485855","","79.0150842945874","2.5455274309930136","24.118084984537855","5.050967815828656","11.785591570266865","21","62","8400","","1","21.97394895689929","2075","","","113","","","","","68","8.821094468533081","1","1","","","","","","","","","","Undergraduates taking non-distance courses: 33583 students (derived_difference); Undergraduates age 18–24: 96.95 percent (derived_ratio); Undergraduate enrollment: 34924 students (reported)","On-campus resident students; Verified active creators per 1,000 undergraduates; Verified relevant student organizations; Active customers per 1,000 undergraduates; Local activation labor hourly rate; Verified venue day cost; Published permitting lead time; Verified travel cost per trip; Campaign customer acquisition cost; Campaign conversion rate; Campaign contribution ROI; Qualified engagement rate","IPEDS reporting institution; non-distance enrollment is a physical-addressability proxy, not a count of campus residents.","EF2023A; EF2023A_DIST; EF2023B; EF2023C; review-5d67a1998a9f; review-3bf088a0125d; review-c288875cf2bd; C2024_A; gsa; HD2024; airports"
"15","Auburn University","100858","Auburn","AL","Southeast","74.94","44.37","85.17","59.2","55.81","65.21","provisional — incomplete evidence","71.55","93.28","66.68","","73.98","","93.5","59.1","","26874","25440","","93.2834710128749","50.24931160229218","45.59393428812131","40.13544690034978","40.17265758725906","12.975366525266056","3.144303043834189","","53.71524852569503","2.1210091538289797","4.308997544094664","4.175039071221255","2.78335938081417","37","53","10000","","","34.79008947006194","2022","","","113","","","","","68","52.241241634757706","1","0","","","","","","","","","","Relevant bachelor awards share: 34.79 percent (derived_ratio); Undergraduates age 18–24: 93.28 percent (derived_ratio); Undergraduates taking non-distance courses: 25440 students (derived_difference)","On-campus resident students; Verified active creators per 1,000 undergraduates; Documented student content program; Verified relevant student organizations; Active customers per 1,000 undergraduates; Local activation labor hourly rate; Verified venue day cost; Published permitting lead time; Verified travel cost per trip; Campaign customer acquisition cost; Campaign conversion rate; Campaign contribution ROI; Qualified engagement rate","IPEDS reporting institution; non-distance enrollment is a physical-addressability proxy, not a count of campus residents.","EF2023A; EF2023A_DIST; EF2023B; EF2023C; primary-32; review-e649b2ecd67a; C2024_A; gsa; HD2024; airports"
"16","University of Wisconsin-Madison","240444","Madison","WI","Great Lakes","74.38","47.75","83.55","64.2","58.14","63.93","provisional — incomplete evidence","85.23","95.6","46.57","","53.91","","86.21","76.41","","36797","36212","9000","95.60018479767372","52.9744272630921","44.010547463586136","42.014294643585075","43.60681577302498","9.979074381063674","3.4214745767317987","","47.50125565042692","10.609560562002336","8.226214093540234","2.6632605918960786","10.35954017990597","15","60","5000","","","22.058289998790663","1824","","","127.58333333333333","","","","","80","8.980662741799687","1","0","","","","","","","","","","Undergraduates taking non-distance courses: 36212 students (derived_difference); Undergraduates age 18–24: 95.6 percent (derived_ratio); Undergraduate enrollment: 36797 students (reported)","Verified active creators per 1,000 undergraduates; Documented student content program; Verified relevant student organizations; Active customers per 1,000 undergraduates; Local activation labor hourly rate; Verified venue day cost; Published permitting lead time; Verified travel cost per trip; Campaign customer acquisition cost; Campaign conversion rate; Campaign contribution ROI; Qualified engagement rate","IPEDS reporting institution; non-distance enrollment is a physical-addressability proxy, not a count of campus residents.","EF2023A; EF2023A_DIST; review-2ce9eda415b1; EF2023B; EF2023C; review-c3d591e293a1; primary-5; C2024_A; gsa; HD2024; airports"
"17","Temple University","216339","Philadelphia","PA","Mid East","73.55","41.34","85.14","56.2","48.84","64.7","provisional — incomplete evidence","62.58","90.39","51.83","","75.49","","53.17","90.38","","21720","20777","","90.39134438305709","55.50184162062615","","34.27255985267035","40.2255985267035","15.89318600368324","7.89134438305709","","","3.761510128913444","9.81123388581952","17.067219152854513","14.986187845303867","","34","1800","","","35.850467289719624","1918","","","193.66666666666666","","","","","92","14.05515990078397","1","4","","","","","","","","","","Relevant bachelor awards share: 35.85 percent (derived_ratio); Undergraduates age 18–24: 90.39 percent (derived_ratio); Undergraduates taking non-distance courses: 20777 students (derived_difference)","On-campus resident students; Greek-life undergraduate participation; Verified active creators per 1,000 undergraduates; Documented student content program; Verified relevant student organizations; Active customers per 1,000 undergraduates; Local activation labor hourly rate; Verified venue day cost; Published permitting lead time; Verified travel cost per trip; Campaign customer acquisition cost; Campaign conversion rate; Campaign contribution ROI; Qualified engagement rate","IPEDS reporting institution; non-distance enrollment is a physical-addressability proxy, not a count of campus residents.","EF2023A; EF2023A_DIST; EF2023B; primary-25; C2024_A; gsa; HD2024; airports"
"18","University of Arizona","104179","Tucson","AZ","Southwest","72.76","40.89","84.69","56.2","53.49","64.92","provisional — incomplete evidence","86.94","83.37","72.19","","51.07","","66.25","74.74","","41899","34364","","83.36953149239838","55.333062841595265","44.03799956322341","38.23241604811571","32.67381083080742","12.463304613475263","14.157855796081051","","49.80345053505132","4.539487815938328","27.13668583975751","4.229217881095014","4.928518580395713","","52","6668","","","20.50773502578342","1551","","","167.5","","","","","80","13.139121469089144","1","0","","","","","","","","","","Undergraduates taking non-distance courses: 34364 students (derived_difference); Undergraduates age 18–24: 83.37 percent (derived_ratio); Undergraduate enrollment: 41899 students (reported)","On-campus resident students; Greek-life undergraduate participation; Verified active creators per 1,000 undergraduates; Documented student content program; Verified relevant student organizations; Active customers per 1,000 undergraduates; Local activation labor hourly rate; Verified venue day cost; Published permitting lead time; Verified travel cost per trip; Campaign customer acquisition cost; Campaign conversion rate; Campaign contribution ROI; Qualified engagement rate","IPEDS reporting institution; non-distance enrollment is a physical-addressability proxy, not a count of campus residents.","EF2023A; EF2023A_DIST; EF2023B; EF2023C; primary-48; review-b5d5b8198254; C2024_A; gsa; HD2024; airports"
"19","Miami University-Oxford","204024","Oxford","OH","Great Lakes","72.68","44.12","83.42","60.7","55.81","64.53","provisional — incomplete evidence","51.65","97.69","64.61","100","78.73","","84.5","71.46","","16478","16390","","97.69389489015657","51.50503701905571","35.78867157734315","44.216531132418986","45.272484524820975","8.204879232916616","1.1591212525791965","","63.14452628905258","3.7019055710644495","4.521179754824614","2.919043573249181","2.5913338997451145","36","","5804","","1","38.37725019566919","1471","","","131","","","","","74","51.340843586457645","1","3","","","","","","","","","","Relevant bachelor awards share: 38.38 percent (derived_ratio); Undergraduates age 18–24: 97.69 percent (derived_ratio); Undergraduates taking non-distance courses: 16390 students (derived_difference)","On-campus resident students; Recognized FSL organizations; Verified active creators per 1,000 undergraduates; Verified relevant student organizations; Active customers per 1,000 undergraduates; Local activation labor hourly rate; Verified venue day cost; Published permitting lead time; Verified travel cost per trip; Campaign customer acquisition cost; Campaign conversion rate; Campaign contribution ROI; Qualified engagement rate","IPEDS reporting institution; non-distance enrollment is a physical-addressability proxy, not a count of campus residents.","EF2023A; EF2023A_DIST; EF2023B; EF2023C; primary-14; review-e1bec07e7cbb; C2024_A; gsa; HD2024; airports"
"20","The University of Tennessee-Knoxville","221759","Knoxville","TN","Southeast","72.6","42.62","83.92","58.7","53.49","64.52","provisional — incomplete evidence","75.71","58.96","52.64","","79.57","","85.5","77.26","","28883","28403","","58.9550946923796","54.360696603538415","41.425156856886765","41.97624900460478","14.47564311186511","2.5032025759097047","2.9983035003289134","","57.648640573648045","0.8967212547173078","5.996607000657827","3.787695184018281","3.614582972682893","29","49","","","","38.16137566137566","2308","","","129","","","","","74","16.846283692726978","1","1","","","","","","","","","","Relevant bachelor awards share: 38.16 percent (derived_ratio); Undergraduates taking non-distance courses: 28403 students (derived_difference); Undergraduates age 18–24: 58.96 percent (derived_ratio)","On-campus resident students; Greek community membership; Verified active creators per 1,000 undergraduates; Documented student content program; Verified relevant student organizations; Active customers per 1,000 undergraduates; Local activation labor hourly rate; Verified venue day cost; Published permitting lead time; Verified travel cost per trip; Campaign customer acquisition cost; Campaign conversion rate; Campaign contribution ROI; Qualified engagement rate","IPEDS reporting institution; non-distance enrollment is a physical-addressability proxy, not a count of campus residents.","EF2023A; EF2023A_DIST; EF2023B; EF2023C; review-bea28af363a6; C2024_A; gsa; HD2024; airports"
"21","University of Oklahoma-Norman Campus","207500","Norman","OK","Southwest","71.94","42.59","83.39","59.2","58.14","64.56","provisional — incomplete evidence","63.02","91.26","58.18","","74.02","","93.5","70.09","","22025","20938","","91.25539160045403","51.459704880817256","47.72989611388996","40.935300794551644","36.64472190692395","13.675368898978434","7.160045402951192","0.009080590238365494","49.961523662947286","3.2190692395005676","14.16572077185017","4.821793416572077","6.987514188422248","30","50","7000","","","35.19895059029296","1610","","","113","","","","","68","24.777493604495426","1","0","","","","","","","","","","Relevant bachelor awards share: 35.2 percent (derived_ratio); Undergraduates age 18–24: 91.26 percent (derived_ratio); Undergraduates taking non-distance courses: 20938 students (derived_difference)","On-campus resident students; Verified active creators per 1,000 undergraduates; Documented student content program; Verified relevant student organizations; Active customers per 1,000 undergraduates; Local activation labor hourly rate; Verified venue day cost; Published permitting lead time; Verified travel cost per trip; Campaign customer acquisition cost; Campaign conversion rate; Campaign contribution ROI; Qualified engagement rate","IPEDS reporting institution; non-distance enrollment is a physical-addressability proxy, not a count of campus residents.","EF2023A; EF2023A_DIST; EF2023B; EF2023C; review-1362efcb49ab; C2024_A; gsa; HD2024; airports"
"22","University of Illinois Urbana-Champaign","145637","Champaign","IL","Great Lakes","71.73","42.46","83.26","59.2","55.81","65.76","provisional — incomplete evidence","84.87","97.29","56.32","","43.26","","93.5","80.7","","35564","35128","","97.28658193679001","47.109436508829155","13.213213213213214","45.121471150601735","44.803734113148124","7.361376673040153","1.2231470025868856","","73.48948948948949","14.677764031042628","13.617703295467326","5.497131931166348","22.494657518839276","16.998874778974443","91","6345","","","15.721439385117037","1350","","","113","","","","","68","8.256091545947786","1","1","","","","","","","","","","Undergraduates taking non-distance courses: 35128 students (derived_difference); Undergraduates age 18–24: 97.29 percent (derived_ratio); Undergraduate enrollment: 35564 students (reported)","On-campus resident students; Verified active creators per 1,000 undergraduates; Documented student content program; Verified relevant student organizations; Active customers per 1,000 undergraduates; Local activation labor hourly rate; Verified venue day cost; Published permitting lead time; Verified travel cost per trip; Campaign customer acquisition cost; Campaign conversion rate; Campaign contribution ROI; Qualified engagement rate","IPEDS reporting institution; non-distance enrollment is a physical-addressability proxy, not a count of campus residents.","EF2023A; EF2023A_DIST; EF2023B; EF2023C; review-c9005e714267; primary-9; C2024_A; gsa; HD2024; airports"
"23","Clemson University","217882","Clemson","SC","Southeast","71.3","44.35","82.15","62.2","58.14","64.15","provisional — incomplete evidence","65.82","97.13","56.03","100","62.07","","93.5","67.52","","22875","22694","","97.12786885245902","52.992349726775956","48.21984868713841","38.662295081967216","45.85355191256831","12.612021857923498","2.378142076502732","","50.801068090787716","0.839344262295082","8.690710382513661","5.451366120218579","2.837158469945355","27.9","50","6704","","1","27.567949170490646","1562","","","113","","","","","68","61.19837288717852","1","3","","","","","","","","","","Undergraduates age 18–24: 97.13 percent (derived_ratio); Undergraduates taking non-distance courses: 22694 students (derived_difference); Relevant bachelor awards share: 27.57 percent (derived_ratio)","On-campus resident students; Verified active creators per 1,000 undergraduates; Verified relevant student organizations; Active customers per 1,000 undergraduates; Local activation labor hourly rate; Verified venue day cost; Published permitting lead time; Verified travel cost per trip; Campaign customer acquisition cost; Campaign conversion rate; Campaign contribution ROI; Qualified engagement rate","IPEDS reporting institution; non-distance enrollment is a physical-addressability proxy, not a count of campus residents.","EF2023A; EF2023A_DIST; EF2023B; EF2023C; review-ab00ca7f94e8; review-893c61b65978; C2024_A; gsa; HD2024; airports"
"24","University of Southern California","123961","Los Angeles","CA","Far West","70.25","34.56","85.36","49.2","48.84","63.44","provisional — incomplete evidence","62.33","","52.36","100","73.79","","50.5","83.24","","21023","20993","","","51.72905865004994","37.93008532892926","","39.399705084907005","","60.600294915092995","","42.857142857142854","14.160681158730913","18.118251438900252","6.978071635827427","24.530276363982306","","34","2200","","1","34.6875","1998","","","199","","","","","86","11.91181516414861","1","2","","","","","","","","","","Relevant bachelor awards share: 34.69 percent (derived_ratio); Undergraduates taking non-distance courses: 20993 students (derived_difference); Undergraduate enrollment: 21023 students (reported)","On-campus resident students; Undergraduates age 18–24; Greek-life undergraduate participation; Verified active creators per 1,000 undergraduates; Verified relevant student organizations; Active customers per 1,000 undergraduates; Local activation labor hourly rate; Verified venue day cost; Published permitting lead time; Verified travel cost per trip; Campaign customer acquisition cost; Campaign conversion rate; Campaign contribution ROI; Qualified engagement rate","IPEDS reporting institution; non-distance enrollment is a physical-addressability proxy, not a count of campus residents.","EF2023A; EF2023A_DIST; EF2023C; EF2023B; primary-47; review-46225f32a56e; C2024_A; gsa; HD2024; airports"
"25","Syracuse University","196413","Syracuse","NY","Mid East","70.08","39.03","83.33","55.7","51.16","64.12","provisional — incomplete evidence","49.17","96.4","75","","74.56","","82","80.56","","15739","15381","","96.39748395704937","55.24493296905776","56.59041394335512","36.74312218057056","46.00038121862888","13.653980557849927","3.3801385094351613","","32.13507625272331","11.3349005654743","11.398437003621577","7.478238769934557","7.205032085901264","","60","","","","36.02502979737783","1209","","","136","","","","","80","8.589735859699125","1","1","","","","","","","","","","Relevant bachelor awards share: 36.03 percent (derived_ratio); Undergraduates age 18–24: 96.4 percent (derived_ratio); Undergraduates taking non-distance courses: 15381 students (derived_difference)","On-campus resident students; Greek-life undergraduate participation; Greek community membership; Verified active creators per 1,000 undergraduates; Documented student content program; Verified relevant student organizations; Active customers per 1,000 undergraduates; Local activation labor hourly rate; Verified venue day cost; Published permitting lead time; Verified travel cost per trip; Campaign customer acquisition cost; Campaign conversion rate; Campaign contribution ROI; Qualified engagement rate","IPEDS reporting institution; non-distance enrollment is a physical-addressability proxy, not a count of campus residents.","EF2023A; EF2023A_DIST; EF2023B; EF2023C; primary-41; C2024_A; gsa; HD2024; airports"
"26","University of Delaware","130943","Newark","DE","Mid East","69.66","39.84","82.64","57.2","51.16","64.35","provisional — incomplete evidence","58.55","95.15","45","","64.89","","86.5","90.99","","19772","18945","","95.15476431317013","59.594375885090024","63.74230430958663","46.146065142625936","41.50819340481489","7.500505765729314","2.1343313777058466","","35.15831134564644","6.271495043495853","9.806797491401982","6.392878818531257","5.411693303661744","27","","","","","29.765325670498083","1243","","","127","","","","","74","12.52259933300394","1","4","","","","","","","","","","Undergraduates age 18–24: 95.15 percent (derived_ratio); Relevant bachelor awards share: 29.77 percent (derived_ratio); Undergraduates taking non-distance courses: 18945 students (derived_difference)","On-campus resident students; Recognized FSL organizations; Greek community membership; Verified active creators per 1,000 undergraduates; Documented student content program; Verified relevant student organizations; Active customers per 1,000 undergraduates; Local activation labor hourly rate; Verified venue day cost; Published permitting lead time; Verified travel cost per trip; Campaign customer acquisition cost; Campaign conversion rate; Campaign contribution ROI; Qualified engagement rate","IPEDS reporting institution; non-distance enrollment is a physical-addressability proxy, not a count of campus residents.","EF2023A; EF2023A_DIST; EF2023B; EF2023C; review-655080560e8d; C2024_A; gsa; HD2024; airports"
"27","James Madison University","232423","Harrisonburg","VA","Southeast","69.47","39.04","82.84","56.2","48.84","64.88","provisional — incomplete evidence","61.68","94.93","53.61","","60.05","","93.5","84.27","","21006","20501","","94.92525944968105","56.640959725792634","","41.59287822526897","42.81633818908883","10.516043035323241","2.94201656669523","","","0.7474055031895649","7.764448252880129","4.455869751499572","5.198514710082834","","33","5000","","","26.635514018691588","1254","","","113","","","","","68","19.31482173518389","1","3","","","","","","","","","","Undergraduates age 18–24: 94.93 percent (derived_ratio); Undergraduates taking non-distance courses: 20501 students (derived_difference); Relevant bachelor awards share: 26.64 percent (derived_ratio)","On-campus resident students; Greek-life undergraduate participation; Verified active creators per 1,000 undergraduates; Documented student content program; Verified relevant student organizations; Active customers per 1,000 undergraduates; Local activation labor hourly rate; Verified venue day cost; Published permitting lead time; Verified travel cost per trip; Campaign customer acquisition cost; Campaign conversion rate; Campaign contribution ROI; Qualified engagement rate","IPEDS reporting institution; non-distance enrollment is a physical-addressability proxy, not a count of campus residents.","EF2023A; EF2023A_DIST; EF2023B; primary-26; review-c5f95944d825; C2024_A; gsa; HD2024; airports"
"28","The University of Tampa","137847","Tampa","FL","Southeast","69.21","38.89","82.69","56.2","48.84","64.79","provisional — incomplete evidence","30.53","97.57","44.82","","96.1","","65.38","81.06","","10111","10094","","97.5670062308377","58.67866679853625","","40.965285332805855","47.987340520225494","8.61438037780635","1.602215408960538","","","5.311047374146969","12.906735238848778","2.6802492335080603","1.7802393432894867","","26","2170","","","50.840527033166744","1119","","","169.25","","","","","80","7.357815028030289","1","1","","","","","","","","","","Relevant bachelor awards share: 50.84 percent (derived_ratio); Undergraduates age 18–24: 97.57 percent (derived_ratio); Undergraduates taking non-distance courses: 10094 students (derived_difference)","On-campus resident students; Greek-life undergraduate participation; Verified active creators per 1,000 undergraduates; Documented student content program; Verified relevant student organizations; Active customers per 1,000 undergraduates; Local activation labor hourly rate; Verified venue day cost; Published permitting lead time; Verified travel cost per trip; Campaign customer acquisition cost; Campaign conversion rate; Campaign contribution ROI; Qualified engagement rate","IPEDS reporting institution; non-distance enrollment is a physical-addressability proxy, not a count of campus residents.","EF2023A; EF2023A_DIST; EF2023B; review-13117f3df44e; C2024_A; gsa; HD2024; airports"
"29","University of Iowa","153658","Iowa City","IA","Plains","69.11","40.91","81.71","59.2","55.81","64.22","provisional — incomplete evidence","63.57","94.05","39.78","","68.09","","93.5","68.53","","22130","21306","","94.04880253050158","56.1455038409399","46.09004739336493","43.75508359692725","39.521012200632626","10.772706732941709","5.029371893357434","","52.468404423380726","1.5815634884771803","9.091730682331676","2.9100768187980117","4.667871667419792","16","40","3800","","","31.422293248102278","1573","","","113","","","","","68","28.682447511177067","1","0","","","","","","","","","","Undergraduates age 18–24: 94.05 percent (derived_ratio); Relevant bachelor awards share: 31.42 percent (derived_ratio); Undergraduates taking non-distance courses: 21306 students (derived_difference)","On-campus resident students; Verified active creators per 1,000 undergraduates; Documented student content program; Verified relevant student organizations; Active customers per 1,000 undergraduates; Local activation labor hourly rate; Verified venue day cost; Published permitting lead time; Verified travel cost per trip; Campaign customer acquisition cost; Campaign conversion rate; Campaign contribution ROI; Qualified engagement rate","IPEDS reporting institution; non-distance enrollment is a physical-addressability proxy, not a count of campus residents.","EF2023A; EF2023A_DIST; EF2023B; EF2023C; primary-20; C2024_A; gsa; HD2024; airports"
"30","University of Mississippi","176017","University","MS","Southeast","69.08","40.9","81.7","59.2","55.81","65.4","provisional — incomplete evidence","56.6","95.44","76.5","","76.16","","77","31.47","","19094","18010","","95.44359484654865","56.981250654655916","69.00897460378079","42.756886980203205","39.36315072797738","13.323557138368074","4.200272336859746","","30.43727324804277","1.4454802555776685","5.268670786634545","9.704619252121086","2.0215774588876085","53.380737730937724","36","8408","","","36.77303139475038","1429","","","146","","","","","68","71.31775516580232","0","0","","","","","","","","","","Relevant bachelor awards share: 36.77 percent (derived_ratio); Undergraduates age 18–24: 95.44 percent (derived_ratio); Undergraduates taking non-distance courses: 18010 students (derived_difference)","On-campus resident students; Verified active creators per 1,000 undergraduates; Documented student content program; Verified relevant student organizations; Active customers per 1,000 undergraduates; Local activation labor hourly rate; Verified venue day cost; Published permitting lead time; Verified travel cost per trip; Campaign customer acquisition cost; Campaign conversion rate; Campaign contribution ROI; Qualified engagement rate","IPEDS reporting institution; non-distance enrollment is a physical-addressability proxy, not a count of campus residents.","EF2023A; EF2023A_DIST; EF2023B; EF2023C; primary-18; review-583f7763205d; C2024_A; gsa; HD2024; airports"
"31","Baylor University","223232","Waco","TX","Southwest","69.06","42.61","80.91","61.7","55.81","64.05","provisional — incomplete evidence","47.57","96.18","46.11","100","72.97","","93.5","82.96","","15155","14831","","96.17947871989442","59.663477400197955","36.961109436237564","40.897393599472124","47.06697459584296","8.215110524579346","2.0653249752556913","","60.23515224600543","3.1474760805014848","16.364236225668098","5.008248102936324","8.677004289013526","28","36","","","1","34.889368591473286","1293","","","113","","","","","68","12.603052824838151","1","2","","","","","","","","","","Relevant bachelor awards share: 34.89 percent (derived_ratio); Undergraduates age 18–24: 96.18 percent (derived_ratio); Undergraduates taking non-distance courses: 14831 students (derived_difference)","On-campus resident students; Greek community membership; Verified active creators per 1,000 undergraduates; Verified relevant student organizations; Active customers per 1,000 undergraduates; Local activation labor hourly rate; Verified venue day cost; Published permitting lead time; Verified travel cost per trip; Campaign customer acquisition cost; Campaign conversion rate; Campaign contribution ROI; Qualified engagement rate","IPEDS reporting institution; non-distance enrollment is a physical-addressability proxy, not a count of campus residents.","EF2023A; EF2023A_DIST; EF2023B; EF2023C; review-b0b0274e893b; primary-35; review-8fa950184759; C2024_A; gsa; HD2024; airports"
"32","Texas Christian University","228875","Fort Worth","TX","Southwest","68.45","40.52","81.32","59.2","58.14","65.13","provisional — incomplete evidence","33.99","96.84","83.95","","84.67","","54","79.09","","10937","10937","","96.83642680808265","61.99140532138612","52.21061093247589","35.978787601718935","46.22839901252629","14.629240193837433","2.998994239736674","0.009143275121148396","44.21221864951769","4.525921184968456","18.094541464752673","4.087043979153333","2.4138246319831764","59.69","40","5980","","","42.74225975070366","1063","","","192","","","","","80","12.271349404452229","1","1","","","","","","","","","","Relevant bachelor awards share: 42.74 percent (derived_ratio); Undergraduates age 18–24: 96.84 percent (derived_ratio); Undergraduates taking non-distance courses: 10937 students (derived_difference)","On-campus resident students; Verified active creators per 1,000 undergraduates; Documented student content program; Verified relevant student organizations; Active customers per 1,000 undergraduates; Local activation labor hourly rate; Verified venue day cost; Published permitting lead time; Verified travel cost per trip; Campaign customer acquisition cost; Campaign conversion rate; Campaign contribution ROI; Qualified engagement rate","IPEDS reporting institution; non-distance enrollment is a physical-addressability proxy, not a count of campus residents.","EF2023A; EF2023A_DIST; EF2023B; EF2023C; review-4c6e7f4aa1eb; primary-34; C2024_A; gsa; HD2024; airports"
"33","University of Michigan-Ann Arbor","170976","Ann Arbor","MI","Great Lakes","67.43","43.29","79.09","64.2","55.81","65.28","provisional — incomplete evidence","82.89","95.6","49.38","100","35.83","","80","71.13","","33730","33712","","95.59739104654611","53.009190631485325","","43.29380373554699","44.87696412689001","7.4266231841091015","1.6276311888526533","","","8.304180254965905","9.982211680996146","4.524162466646902","18.544322561517937","18.33","58","6221","","1","13.121743249644718","1108","3","","140","","","","","80","32.17565164012786","1","1","","","","","","","","","","Undergraduates taking non-distance courses: 33712 students (derived_difference); Undergraduates age 18–24: 95.6 percent (derived_ratio); Undergraduate enrollment: 33730 students (reported)","On-campus resident students; Verified active creators per 1,000 undergraduates; Active customers per 1,000 undergraduates; Local activation labor hourly rate; Verified venue day cost; Published permitting lead time; Verified travel cost per trip; Campaign customer acquisition cost; Campaign conversion rate; Campaign contribution ROI; Qualified engagement rate","IPEDS reporting institution; non-distance enrollment is a physical-addressability proxy, not a count of campus residents.","EF2023A; EF2023A_DIST; EF2023B; primary-19; review-34c33924bd78; C2024_A; gsa; HD2024; airports"
"34","University of Kansas","155317","Lawrence","KS","Plains","66.64","39.45","80.25","59.2","55.81","64.51","provisional — incomplete evidence","60.28","90.94","47.15","","66.76","","93.5","56.08","","20696","19647","","90.94027831465017","53.372632392732896","43.35424985738734","41.10939311944337","36.28237340548898","13.54851178971782","6.9337069965210665","","54.9343981745579","3.377464244298415","10.238693467336683","4.324507151140317","6.170274449168922","22.6","42","3903","","","30.964846671652953","1242","","","113","","","","","68","59.79032205604629","1","0","","","","","","","","","","Undergraduates age 18–24: 90.94 percent (derived_ratio); Relevant bachelor awards share: 30.96 percent (derived_ratio); Undergraduates taking non-distance courses: 19647 students (derived_difference)","On-campus resident students; Verified active creators per 1,000 undergraduates; Documented student content program; Verified relevant student organizations; Active customers per 1,000 undergraduates; Local activation labor hourly rate; Verified venue day cost; Published permitting lead time; Verified travel cost per trip; Campaign customer acquisition cost; Campaign conversion rate; Campaign contribution ROI; Qualified engagement rate","IPEDS reporting institution; non-distance enrollment is a physical-addressability proxy, not a count of campus residents.","EF2023A; EF2023A_DIST; EF2023B; EF2023C; review-3e2094c88bfa; primary-24; C2024_A; gsa; HD2024; airports"
"35","West Virginia University","238032","Morgantown","WV","Southeast","66.2","35.88","81.68","54.2","48.84","64.56","provisional — incomplete evidence","55.82","91.95","","","55.94","","93.5","86.68","","18615","17763","","91.94735428417943","52.07091055600322","56.13433858807402","40.306204673650285","38.52269674993285","13.118452860596292","4.0988450174590385","","43.180260452364635","1.9285522428149342","4.362073596561912","2.965350523771152","1.735159817351598","","","","","","24.321774003302664","1031","","","113","","","","","68","3.303464635886618","1","2","","","","","","","","","","Undergraduates age 18–24: 91.95 percent (derived_ratio); Undergraduates taking non-distance courses: 17763 students (derived_difference); Relevant bachelor awards share: 24.32 percent (derived_ratio)","On-campus resident students; Greek-life undergraduate participation; Recognized FSL organizations; Greek community membership; Verified active creators per 1,000 undergraduates; Documented student content program; Verified relevant student organizations; Active customers per 1,000 undergraduates; Local activation labor hourly rate; Verified venue day cost; Published permitting lead time; Verified travel cost per trip; Campaign customer acquisition cost; Campaign conversion rate; Campaign contribution ROI; Qualified engagement rate","IPEDS reporting institution; non-distance enrollment is a physical-addressability proxy, not a count of campus residents.","EF2023A; EF2023A_DIST; EF2023B; EF2023C; C2024_A; gsa; HD2024; airports"
"36","Washington State University","236939","Pullman","WA","Far West","66.08","5.42","97.22","8.2","16.28","59.54","provisional — incomplete evidence","","","68.6","","","","93.5","58.5","","","","","","","","","","","","","","","","","","","50","3500","","","","","","","113","","","","","68","3.7571768922339177","0","0","","","","","","","","","","Nearest scheduled-service airport distance: 3.76 km (geographic_proxy); Federal lodging allowance benchmark: 113 USD/night (policy_proxy); Recognized FSL organizations: 50 organizations (lower_bound)","Undergraduate enrollment; Undergraduates taking non-distance courses; On-campus resident students; Undergraduates age 18–24; Greek-life undergraduate participation; Verified active creators per 1,000 undergraduates; Documented student content program; Relevant bachelor awards share; Relevant bachelor awards; Verified relevant student organizations; Active customers per 1,000 undergraduates; Local activation labor hourly rate; Verified venue day cost; Published permitting lead time; Verified travel cost per trip; Campaign customer acquisition cost; Campaign conversion rate; Campaign contribution ROI; Qualified engagement rate","IPEDS Washington State University includes multiple campuses. Institution-level enrollment, demographics and completions retained for reference but excluded from Pullman scoring pending a campus-specific extract.","EF2023A; EF2023A_DIST; EF2023B; EF2023C; review-77bd028b4565; C2024_A; gsa; HD2024; airports"
"37","University of Miami","135726","Coral Gables","FL","Southeast","64.69","36.36","80.16","56.2","53.49","64.7","provisional — incomplete evidence","40.74","95.44","52.88","","72.69","","57.5","76.65","","12883","12713","","95.4436078553132","54.14887836684002","65.93642611683849","38.43048979275014","46.906776371963055","10.106341690600015","3.399829232321664","","25.81615120274914","8.235659396103392","23.511604439959637","8.119226888147171","4.696111154234262","","33","3800","","","35.07061197041022","1043","","","185","","","","","92","8.385800750632752","1","0","","","","","","","","","","Relevant bachelor awards share: 35.07 percent (derived_ratio); Undergraduates age 18–24: 95.44 percent (derived_ratio); Undergraduates taking non-distance courses: 12713 students (derived_difference)","On-campus resident students; Greek-life undergraduate participation; Verified active creators per 1,000 undergraduates; Documented student content program; Verified relevant student organizations; Active customers per 1,000 undergraduates; Local activation labor hourly rate; Verified venue day cost; Published permitting lead time; Verified travel cost per trip; Campaign customer acquisition cost; Campaign conversion rate; Campaign contribution ROI; Qualified engagement rate","IPEDS reporting institution; non-distance enrollment is a physical-addressability proxy, not a count of campus residents.","EF2023A; EF2023A_DIST; EF2023B; EF2023C; primary-15; C2024_A; gsa; HD2024; airports"
"38","University of California-Santa Barbara","110705","Santa Barbara","CA","Far West","61.33","36.31","77.11","59.2","55.81","63.91","provisional — incomplete evidence","66.67","95.52","40.27","","37.68","","37.75","83.5","","23232","23199","","95.51911157024793","57.02909779614325","9.181043029942494","40.27634297520661","44.31387741046832","10.928891184573002","2.2382920110192837","","79.77394408090423","9.870006887052341","26.011535812672175","2.0273760330578514","18.650998622589533","13","50","3000","","","12.941359464924561","832","","","224.5","","","","","92","1.249265883684717","1","1","","","","","","","","","","Undergraduates age 18–24: 95.52 percent (derived_ratio); Undergraduates taking non-distance courses: 23199 students (derived_difference); Undergraduate enrollment: 23232 students (reported)","On-campus resident students; Verified active creators per 1,000 undergraduates; Documented student content program; Verified relevant student organizations; Active customers per 1,000 undergraduates; Local activation labor hourly rate; Verified venue day cost; Published permitting lead time; Verified travel cost per trip; Campaign customer acquisition cost; Campaign conversion rate; Campaign contribution ROI; Qualified engagement rate","IPEDS reporting institution; non-distance enrollment is a physical-addressability proxy, not a count of campus residents.","EF2023A; EF2023A_DIST; EF2023B; EF2023C; primary-17; review-7b5f573fe495; C2024_A; gsa; HD2024; airports"
"39","University of Dayton","202480","Dayton","OH","Great Lakes","59.77","33.59","77.39","56.2","48.84","64.7","provisional — incomplete evidence","21.34","97.64","39.91","","74.73","","90","84.61","","8176","8170","","97.6394324853229","47.68835616438356","","42.086594911937375","45.266634050880626","10.286203522504893","1.5288649706457926","","","2.8131115459882583","6.568003913894325","5.222602739726027","1.724559686888454","","22","1400","","","36.995401124169646","724","","","120","","","","","74","18.48203179570233","1","3","","","","","","","","","","Relevant bachelor awards share: 37 percent (derived_ratio); Undergraduates age 18–24: 97.64 percent (derived_ratio); Relevant bachelor awards: 724 awards (derived_sum)","On-campus resident students; Greek-life undergraduate participation; Verified active creators per 1,000 undergraduates; Documented student content program; Verified relevant student organizations; Active customers per 1,000 undergraduates; Local activation labor hourly rate; Verified venue day cost; Published permitting lead time; Verified travel cost per trip; Campaign customer acquisition cost; Campaign conversion rate; Campaign contribution ROI; Qualified engagement rate","IPEDS reporting institution; non-distance enrollment is a physical-addressability proxy, not a count of campus residents.","EF2023A; EF2023A_DIST; EF2023B; review-0ea048cba0b7; C2024_A; gsa; HD2024; airports"
"40","Ohio University-Main Campus","204857","Athens","OH","Great Lakes","58.22","32.43","76.73","55.7","53.49","64.74","provisional — incomplete evidence","52.37","83.27","36.25","","52.78","","93.5","49.22","","19100","15406","","83.26701570680628","61.17277486910995","13.243302112829449","36.09424083769633","33.083769633507856","14.089005235602095","15.429319371727749","0.42408376963350786","86.29928120235243","1.0994764397905759","4.534031413612565","5.0680628272251305","1.617801047120419","","29","","","","22.39740319962903","966","","","113","","","","","68","56.951665843412975","0","3","","","","","","","","","","Undergraduates age 18–24: 83.27 percent (derived_ratio); Relevant bachelor awards share: 22.4 percent (derived_ratio); Undergraduates taking non-distance courses: 15406 students (derived_difference)","On-campus resident students; Greek-life undergraduate participation; Greek community membership; Verified active creators per 1,000 undergraduates; Documented student content program; Verified relevant student organizations; Active customers per 1,000 undergraduates; Local activation labor hourly rate; Verified venue day cost; Published permitting lead time; Verified travel cost per trip; Campaign customer acquisition cost; Campaign conversion rate; Campaign contribution ROI; Qualified engagement rate","IPEDS reporting institution; non-distance enrollment is a physical-addressability proxy, not a count of campus residents.","EF2023A; EF2023A_DIST; EF2023B; EF2023C; primary-13; C2024_A; gsa; HD2024; airports"
"41","University of Virginia-Main Campus","234076","Charlottesville","VA","Southeast","57.71","33.88","75.18","58.7","53.49","64.52","provisional — incomplete evidence","53.99","94","53.19","","34.35","","79","83.09","","17612","17171","","93.99841017488076","56.54667272314331","29.853756933938477","44.69679763797411","44.56620486032251","4.735407676584147","3.4578696343402227","","65.30509329299042","4.780831251419487","7.324551442198501","7.597092891210538","18.901885078355665","28","53","","","","11.63862641161558","505","","","142","","","","","80","12.270238566025593","1","2","","","","","","","","","","Undergraduates age 18–24: 94 percent (derived_ratio); Undergraduates taking non-distance courses: 17171 students (derived_difference); Undergraduate enrollment: 17612 students (reported)","On-campus resident students; Greek community membership; Verified active creators per 1,000 undergraduates; Documented student content program; Verified relevant student organizations; Active customers per 1,000 undergraduates; Local activation labor hourly rate; Verified venue day cost; Published permitting lead time; Verified travel cost per trip; Campaign customer acquisition cost; Campaign conversion rate; Campaign contribution ROI; Qualified engagement rate","IPEDS reporting institution; non-distance enrollment is a physical-addressability proxy, not a count of campus residents.","EF2023A; EF2023A_DIST; EF2023B; EF2023C; primary-23; primary-22; C2024_A; gsa; HD2024; airports"
"42","Howard University","131520","Washington","DC","Mid East","55.66","31","75.3","55.7","46.51","64.12","provisional — incomplete evidence","29.2","91.74","50","","55.95","","27.08","96.81","","10190","9566","","91.7369970559372","71.93326790971541","","42.482826300294406","41.63886162904809","7.615309126594701","1.7271835132482827","","","4.65161923454367","6.516192345436703","67.36015701668302","2.9244357212953878","","40","","","","25.51378446115288","509","","","245.83333333333334","","","","","92","7.982489026863406","1","6","","","","","","","","","","Undergraduates age 18–24: 91.74 percent (derived_ratio); Relevant bachelor awards share: 25.51 percent (derived_ratio); Undergraduates taking non-distance courses: 9566 students (derived_difference)","On-campus resident students; Greek-life undergraduate participation; Greek community membership; Verified active creators per 1,000 undergraduates; Documented student content program; Verified relevant student organizations; Active customers per 1,000 undergraduates; Local activation labor hourly rate; Verified venue day cost; Published permitting lead time; Verified travel cost per trip; Campaign customer acquisition cost; Campaign conversion rate; Campaign contribution ROI; Qualified engagement rate","IPEDS reporting institution; non-distance enrollment is a physical-addressability proxy, not a count of campus residents.","EF2023A; EF2023A_DIST; EF2023B; primary-39; C2024_A; gsa; HD2024; airports"
"43","University at Albany","196060","Albany","NY","Mid East","55.59","30.96","75.26","55.7","51.16","64.45","provisional — incomplete evidence","37.65","88.91","31.25","","48.96","","83.5","85.11","","12190","11728","","88.90894175553733","53.814602132895814","4.231311706629055","42.17391304347826","37.37489745693191","9.360131255127154","5.1681706316652996","","93.19464033850494","3.3634126333059884","19.00738310090238","23.297785069729287","9.712879409351928","","25","","","","20.776014109347443","589","","","133","","","","","86","7.23177164048559","1","2","","","","","","","","","","Undergraduates age 18–24: 88.91 percent (derived_ratio); Relevant bachelor awards share: 20.78 percent (derived_ratio); Undergraduates taking non-distance courses: 11728 students (derived_difference)","On-campus resident students; Greek-life undergraduate participation; Greek community membership; Verified active creators per 1,000 undergraduates; Documented student content program; Verified relevant student organizations; Active customers per 1,000 undergraduates; Local activation labor hourly rate; Verified venue day cost; Published permitting lead time; Verified travel cost per trip; Campaign customer acquisition cost; Campaign conversion rate; Campaign contribution ROI; Qualified engagement rate","IPEDS reporting institution; non-distance enrollment is a physical-addressability proxy, not a count of campus residents.","EF2023A; EF2023A_DIST; EF2023B; EF2023C; primary-27; C2024_A; gsa; HD2024; airports"
"44","North Carolina A & T State University","199102","Greensboro","NC","Southeast","55.05","30.66","74.96","55.7","51.16","64.86","provisional — incomplete evidence","36.51","88.64","13.75","","52.96","","87.92","73.99","","12216","11231","","88.63785199738048","62.082514734774065","33.13974591651542","44.34348395546824","32.12180746561886","12.172560576293385","7.383759004584152","","66.56987295825772","0.5320890635232483","4.600523903077931","84.65127701375246","0.6303208906352324","","11","","","","23.529411764705884","528","","","124.16666666666667","","","","","74","15.019942751608182","1","0","","","","","","","","","","Undergraduates age 18–24: 88.64 percent (derived_ratio); Relevant bachelor awards share: 23.53 percent (derived_ratio); Undergraduates taking non-distance courses: 11231 students (derived_difference)","On-campus resident students; Greek-life undergraduate participation; Greek community membership; Verified active creators per 1,000 undergraduates; Documented student content program; Verified relevant student organizations; Active customers per 1,000 undergraduates; Local activation labor hourly rate; Verified venue day cost; Published permitting lead time; Verified travel cost per trip; Campaign customer acquisition cost; Campaign conversion rate; Campaign contribution ROI; Qualified engagement rate","IPEDS reporting institution; non-distance enrollment is a physical-addressability proxy, not a count of campus residents.","EF2023A; EF2023A_DIST; EF2023B; EF2023C; review-6a31436b2e06; C2024_A; gsa; HD2024; airports"
"45","Tulane University of Louisiana","160755","New Orleans","LA","Southeast","54.27","31.85","73.15","58.7","51.16","64.52","provisional — incomplete evidence","19.74","74.48","49.31","","76.26","","67.67","74.02","","8077","7759","","74.48310016095085","61.4460814658908","","24.439767240311998","41.92150550947134","8.121827411167512","4.419957905162808","0.0619041723412158","","6.326606413272255","10.610375139284388","7.019933143493872","5.571375510709422","35","25","","","","37.88328387734916","766","","","164.66666666666666","","","","","80","14.95579850325184","1","0","","","","","","","","","","Relevant bachelor awards share: 37.88 percent (derived_ratio); Undergraduates age 18–24: 74.48 percent (derived_ratio); Relevant bachelor awards: 766 awards (derived_sum)","On-campus resident students; Greek community membership; Verified active creators per 1,000 undergraduates; Documented student content program; Verified relevant student organizations; Active customers per 1,000 undergraduates; Local activation labor hourly rate; Verified venue day cost; Published permitting lead time; Verified travel cost per trip; Campaign customer acquisition cost; Campaign conversion rate; Campaign contribution ROI; Qualified engagement rate","IPEDS reporting institution; non-distance enrollment is a physical-addressability proxy, not a count of campus residents.","EF2023A; EF2023A_DIST; EF2023B; primary-6; C2024_A; gsa; HD2024; airports"
"46","Sacred Heart University","130253","Fairfield","CT","New England","53.33","31.04","72.84","58.2","58.14","64.7","provisional — incomplete evidence","13.68","95.76","36.54","","67.65","","72","71.96","","6960","6788","","95.76149425287356","64.35344827586206","77.27034120734908","45.87643678160919","42.44252873563219","7.442528735632184","3.764367816091954","0.04310344827586207","21.67979002624672","1.0775862068965518","12.931034482758621","3.4482758620689653","1.6954022988505748","","17","2300","","","34.99317871759891","513","12","","156","","","","","86","30.099423280246533","1","1","","","","","","","","","","Relevant bachelor awards share: 34.99 percent (derived_ratio); Undergraduates age 18–24: 95.76 percent (derived_ratio); Relevant bachelor awards: 513 awards (derived_sum)","On-campus resident students; Greek-life undergraduate participation; Verified active creators per 1,000 undergraduates; Documented student content program; Active customers per 1,000 undergraduates; Local activation labor hourly rate; Verified venue day cost; Published permitting lead time; Verified travel cost per trip; Campaign customer acquisition cost; Campaign conversion rate; Campaign contribution ROI; Qualified engagement rate","IPEDS reporting institution; non-distance enrollment is a physical-addressability proxy, not a count of campus residents.","EF2023A; EF2023A_DIST; EF2023B; EF2023C; primary-36; C2024_A; primary-45; gsa; HD2024; airports"
"47","Morgan State University","163453","Baltimore","MD","Mid East","52.62","29.31","73.61","55.7","51.16","64.35","provisional — incomplete evidence","20.89","89.47","23.75","","57.9","","67","91.97","","8300","7966","","89.46987951807229","61.963855421686745","50.26292725679229","41.602409638554214","31.542168674698797","16.325301204819276","9.843373493975903","","48.729184925503944","6.771084337349397","5.144578313253012","74.34939759036145","0.37349397590361444","","19","","","","27.884615384615383","261","","","166","","","","","86","20.07177712799637","1","5","","","","","","","","","","Undergraduates age 18–24: 89.47 percent (derived_ratio); Relevant bachelor awards share: 27.88 percent (derived_ratio); Relevant bachelor awards: 261 awards (derived_sum)","On-campus resident students; Greek-life undergraduate participation; Greek community membership; Verified active creators per 1,000 undergraduates; Documented student content program; Verified relevant student organizations; Active customers per 1,000 undergraduates; Local activation labor hourly rate; Verified venue day cost; Published permitting lead time; Verified travel cost per trip; Campaign customer acquisition cost; Campaign conversion rate; Campaign contribution ROI; Qualified engagement rate","IPEDS reporting institution; non-distance enrollment is a physical-addressability proxy, not a count of campus residents.","EF2023A; EF2023A_DIST; EF2023B; EF2023C; review-49262ac94d14; C2024_A; gsa; HD2024; airports"
"48","University of Pennsylvania","215062","Philadelphia","PA","Mid East","49.76","27.72","72.02","55.7","51.16","64.74","provisional — incomplete evidence","34.97","91.04","45","","31.65","","53.17","92.13","","11611","10940","","91.04297648781328","55.3699078460081","71.75983436853002","38.3601756954612","42.71811213504436","9.964688657307725","6.829730428042374","","14.492753623188406","13.504435449143054","10.567565239858755","8.440272155714409","26.845232968736543","","36","","","","10.753448885744605","304","","","193.66666666666666","","","","","92","9.665471537556673","1","4","","","","","","","","","","Undergraduates age 18–24: 91.04 percent (derived_ratio); Undergraduates taking non-distance courses: 10940 students (derived_difference); Relevant bachelor awards share: 10.75 percent (derived_ratio)","On-campus resident students; Greek-life undergraduate participation; Greek community membership; Verified active creators per 1,000 undergraduates; Documented student content program; Verified relevant student organizations; Active customers per 1,000 undergraduates; Local activation labor hourly rate; Verified venue day cost; Published permitting lead time; Verified travel cost per trip; Campaign customer acquisition cost; Campaign conversion rate; Campaign contribution ROI; Qualified engagement rate","IPEDS reporting institution; non-distance enrollment is a physical-addressability proxy, not a count of campus residents.","EF2023A; EF2023A_DIST; EF2023B; EF2023C; primary-40; C2024_A; gsa; HD2024; airports"
"49","Florida Agricultural and Mechanical University","133650","Tallahassee","FL","Southeast","46.23","25.75","70.05","55.7","51.16","64.35","provisional — incomplete evidence","19.29","88.98","38.75","","40.43","","89.33","81.26","","7796","7796","","88.98152898922524","66.04669061056953","34.35934144595562","31.400718317085683","33.79938429964084","23.781426372498718","8.812211390456644","","64.20901932712957","0.08978963571062083","5.400205233453053","87.44227809132889","0.39763981528989223","","31","","","","16.6351606805293","264","","","121.33333333333333","","","","","80","6.855548140849078","1","1","","","","","","","","","","Undergraduates age 18–24: 88.98 percent (derived_ratio); Relevant bachelor awards share: 16.64 percent (derived_ratio); Nearest scheduled-service airport distance: 6.86 km (geographic_proxy)","On-campus resident students; Greek-life undergraduate participation; Greek community membership; Verified active creators per 1,000 undergraduates; Documented student content program; Verified relevant student organizations; Active customers per 1,000 undergraduates; Local activation labor hourly rate; Verified venue day cost; Published permitting lead time; Verified travel cost per trip; Campaign customer acquisition cost; Campaign conversion rate; Campaign contribution ROI; Qualified engagement rate","IPEDS reporting institution; non-distance enrollment is a physical-addressability proxy, not a count of campus residents.","EF2023A; EF2023A_DIST; EF2023B; EF2023C; primary-38; C2024_A; gsa; HD2024; airports"
"50","Vanderbilt University","221999","Nashville","TN","Southeast","36.61","21.49","62.79","58.7","53.49","64.87","provisional — incomplete evidence","15.54","98.53","49.17","","11.81","","35","75.4","","7152","7152","","98.53187919463087","52.293064876957494","75.46239210850801","43.819910514541384","48.92337807606264","5.7885906040268456","0.20973154362416108","","12.5154130702836","10.025167785234899","11.940715883668904","10.430648769574944","18.554250559284117","33","30","","","","1.725067385444744","32","","","230","","","","","86","11.505900493596325","1","0","","","","","","","","","","Undergraduates age 18–24: 98.53 percent (derived_ratio); Nearest scheduled-service airport distance: 11.51 km (geographic_proxy); Undergraduates taking non-distance courses: 7152 students (derived_difference)","On-campus resident students; Greek community membership; Verified active creators per 1,000 undergraduates; Documented student content program; Verified relevant student organizations; Active customers per 1,000 undergraduates; Local activation labor hourly rate; Verified venue day cost; Published permitting lead time; Verified travel cost per trip; Campaign customer acquisition cost; Campaign conversion rate; Campaign contribution ROI; Qualified engagement rate","IPEDS reporting institution; non-distance enrollment is a physical-addressability proxy, not a count of campus residents.","EF2023A; EF2023A_DIST; EF2023B; EF2023C; primary-30; primary-31; C2024_A; gsa; HD2024; airports"
