"school","unitid","default_rank","beverage_rank","beauty_rank","fintech_rank"
"Ohio State University-Main Campus","204796","1","1","2","2"
"University of Georgia","139959","2","2","1","3"
"Texas Tech University","229115","3","3","9","10"
"The University of Alabama","100751","4","5","4","5"
"Indiana University-Bloomington","151351","5","7","3","1"
"Pennsylvania State University-Main Campus","214777","6","10","6","4"
"University of South Carolina-Columbia","218663","7","14","5","6"
"Texas State University","228459","8","6","17","12"
"San Diego State University","122409","9","8","21","9"
"University of Arizona","104179","10","4","31","18"
"University of Colorado Boulder","126614","11","11","8","11"
"Auburn University","100858","12","13","18","15"
"Texas Christian University","228875","13","9","16","32"
"University of Florida","134130","14","18","11","14"
"Miami University-Oxford","204024","15","17","7","19"
"The University of Texas at Austin","228778","16","21","12","8"
"Syracuse University","196413","17","15","14","25"
"Florida State University","134097","18","23","13","13"
"University of Mississippi","176017","19","12","22","30"
"Michigan State University","171100","20","26","10","7"
"University of Illinois Urbana-Champaign","145637","21","19","26","22"
"Temple University","216339","22","24","24","17"
"West Virginia University","238032","23","16","25","35"
"James Madison University","232423","24","22","23","27"
"Clemson University","217882","25","25","15","23"
"Washington State University","236939","26","20","37","36"
"University of Wisconsin-Madison","240444","27","28","29","16"
"University of Oklahoma-Norman Campus","207500","28","27","28","21"
"University of Southern California","123961","29","30","32","24"
"University of Michigan-Ann Arbor","170976","30","29","30","33"
"University of Delaware","130943","31","31","27","26"
"The University of Tennessee-Knoxville","221759","32","32","45","20"
"Baylor University","223232","33","34","20","31"
"The University of Tampa","137847","34","37","19","28"
"University of Miami","135726","35","33","33","37"
"University of Kansas","155317","36","36","36","34"
"University of Iowa","153658","37","38","35","29"
"University of Virginia-Main Campus","234076","38","35","38","41"
"University of California-Santa Barbara","110705","39","40","41","38"
"Ohio University-Main Campus","204857","40","39","43","40"
"University of Dayton","202480","41","44","34","39"
"Howard University","131520","42","41","40","42"
"University at Albany","196060","43","43","42","43"
"University of Pennsylvania","215062","44","42","47","48"
"North Carolina A & T State University","199102","45","46","44","44"
"Tulane University of Louisiana","160755","46","45","49","45"
"Sacred Heart University","130253","47","48","39","46"
"Morgan State University","163453","48","50","46","47"
"Florida Agricultural and Mechanical University","133650","49","47","48","49"
"Vanderbilt University","221999","50","49","50","50"
